brand,os,utility,warranty,display_size,ppi,aspect_ratio,antiglare,touch_screen,ram,hdd,ssd,graphic,cache,core,hdmi,mcr,wifi,backlit_keyboard,inbuilt_microphone,thunderbolt,fingerprint_sensor,ethernet,display_port,num_of_cell,battery_capacity,pixel_width,pixel_height,usb2,type_c,processor_brand,processor_model,processor_gen,price
2.0,2.0,1.0,1.0,2.0,157,1.0,1,0,8,0,512,1.0,6.0,2.0,1,0,1,0,1,0,0,1,0,2.0,45.5,1920.0,1080.0,1,0,2.0,18.0,11.0,25990.0
25.0,2.0,0.0,1.0,1.0,141,1.0,1,0,8,0,512,1.0,8.0,4.0,1,0,1,1,1,0,0,0,0,2.0,17.85,1080.0,1920.0,1,0,2.0,19.0,11.0,34990.0
16.0,2.0,3.0,2.0,1.0,141,1.0,1,0,16,0,512,1.0,12.0,8.0,1,0,1,1,1,1,0,1,0,3.0,51.0,1920.0,1080.0,0,0,2.0,19.0,12.0,49990.0
2.0,2.0,2.0,1.0,1.0,141,1.0,1,0,8,0,512,2.0,12.0,8.0,1,0,1,1,1,0,0,1,0,3.0,49.61666666666666,1920.0,1080.0,0,0,2.0,19.0,13.0,79745.0
2.0,2.0,3.0,1.0,1.0,141,1.0,1,0,16,0,512,1.0,8.0,6.0,1,1,1,0,1,0,0,1,0,3.0,36.0,1920.0,1080.0,1,0,0.0,4.0,5.0,35990.0
10.0,2.0,2.0,1.0,0.0,137,1.0,1,0,16,0,1024,2.0,16.0,8.0,1,0,1,1,1,1,0,1,0,4.0,70.0,1920.0,1080.0,0,0,0.0,5.0,7.0,92221.0
25.0,2.0,0.0,1.0,2.0,157,1.0,1,0,16,0,512,1.0,12.0,4.0,1,0,1,1,1,0,0,0,0,2.0,17.85,1080.0,1920.0,1,0,2.0,20.0,11.0,45990.0
10.0,2.0,1.0,1.0,1.0,141,1.0,1,0,8,0,512,1.0,6.0,2.0,1,1,1,0,1,0,0,0,0,3.0,41.0,1920.0,1080.0,0,0,2.0,18.0,11.0,37650.0
4.0,2.0,2.0,1.0,0.0,283,0.0,1,0,8,0,512,0.0,16.0,6.0,1,0,1,1,1,0,1,0,0,3.0,50.0,1920.0,1200.0,1,0,0.0,4.0,5.0,49990.0
16.0,2.0,3.0,1.0,2.0,157,1.0,1,0,8,0,512,1.0,6.0,2.0,1,0,1,1,1,0,0,0,0,3.0,49.61666666666666,1920.0,1080.0,2,0,2.0,18.0,11.0,28990.0
3.0,0.0,3.0,1.0,2.0,227,1.0,0,0,8,0,256,1.0,12.0,8.0,0,0,1,1,1,1,0,0,0,3.0,49.9,2560.0,1600.0,0,0,1.0,10.0,2.0,69990.0
10.0,2.0,2.0,1.0,1.0,141,1.0,1,1,8,0,512,0.0,16.0,6.0,1,1,1,1,1,0,0,1,0,3.0,52.5,1920.0,1080.0,0,0,0.0,4.0,5.0,55999.0
4.0,2.0,3.0,1.0,1.0,141,1.0,1,0,16,0,1024,2.0,24.0,14.0,1,0,1,1,1,1,0,1,0,4.0,76.0,1920.0,1080.0,0,0,2.0,20.0,12.0,85990.0
21.0,2.0,0.0,1.0,1.0,141,1.0,1,0,16,0,512,1.0,12.0,10.0,1,0,1,0,1,0,0,1,0,4.0,43.0,1920.0,1080.0,1,0,2.0,19.0,12.0,49990.0
7.0,2.0,2.0,1.0,1.0,141,1.0,1,0,16,0,512,2.0,18.0,12.0,1,0,1,1,1,0,0,1,0,3.0,56.0,1920.0,1080.0,0,0,2.0,19.0,12.0,67190.0
10.0,2.0,3.0,1.0,1.0,141,1.0,1,0,16,0,512,0.0,8.0,6.0,1,1,1,1,1,0,0,0,0,3.0,49.61666666666666,1920.0,1080.0,0,0,0.0,4.0,5.0,45990.0
2.0,2.0,1.0,1.0,2.0,135,1.0,0,0,16,0,512,1.0,8.0,4.0,1,0,1,0,1,0,0,1,0,2.0,45.5,1920.0,1080.0,1,0,2.0,19.0,11.0,34990.0
2.0,2.0,3.0,1.0,1.0,141,1.0,1,0,16,0,512,2.0,12.0,8.0,1,0,1,1,1,1,1,1,0,3.0,50.0,1920.0,1080.0,0,0,2.0,19.0,12.0,59990.0
4.0,2.0,3.0,1.0,1.0,141,1.0,1,0,16,0,512,1.0,18.0,12.0,1,0,1,1,1,1,1,0,0,3.0,70.0,1920.0,1080.0,1,0,2.0,19.0,12.0,58990.0
4.0,2.0,2.0,1.0,1.0,141,1.0,1,0,8,0,512,2.0,12.0,6.0,1,0,1,1,1,1,0,1,0,3.0,90.0,1920.0,1080.0,0,0,2.0,19.0,11.0,57990.0
10.0,2.0,2.0,1.0,0.0,137,1.0,1,0,16,0,512,2.0,12.0,6.0,1,1,1,1,1,0,0,1,0,4.0,70.0,1920.0,1080.0,0,0,2.0,19.0,11.0,62990.0
21.0,2.0,0.0,1.0,1.0,141,1.0,1,0,8,0,512,1.0,12.0,10.0,1,0,1,0,1,0,0,1,0,4.0,43.0,1920.0,1080.0,1,0,2.0,19.0,12.0,44990.0
10.0,2.0,1.0,1.0,1.0,141,1.0,1,0,8,0,512,1.0,10.0,6.0,1,1,1,1,1,0,0,0,0,3.0,41.0,1920.0,1080.0,0,0,2.0,18.0,12.0,41990.0
2.0,2.0,2.0,1.0,1.0,141,1.0,1,0,16,0,512,2.0,12.0,8.0,1,0,1,1,1,0,0,1,0,3.0,49.61666666666666,1920.0,1080.0,0,0,2.0,19.0,13.0,79990.0
4.0,2.0,3.0,1.0,1.0,141,1.0,1,0,16,0,512,1.0,24.0,10.0,1,0,1,1,1,0,1,0,0,3.0,42.0,1920.0,1080.0,1,0,2.0,20.0,12.0,64990.0
2.0,2.0,3.0,1.0,2.0,243,0.0,1,0,16,0,512,1.0,18.0,12.0,1,0,1,1,1,1,1,0,0,3.0,49.61666666666666,2880.0,1800.0,0,0,2.0,19.0,12.0,62990.0
15.0,2.0,3.0,1.0,1.0,141,1.0,1,0,16,0,512,1.0,12.0,10.0,1,1,1,1,1,0,0,1,0,3.0,49.61666666666666,1920.0,1080.0,0,0,2.0,20.0,12.0,59990.0
4.0,2.0,2.0,1.0,1.0,141,1.0,1,0,16,0,1024,2.0,24.0,8.0,1,0,1,1,1,1,0,1,0,4.0,90.0,1920.0,1080.0,0,0,2.0,20.0,11.0,80980.0
10.0,2.0,3.0,1.0,2.0,157,1.0,1,0,8,0,512,1.0,6.0,8.0,1,0,1,0,1,0,0,0,0,3.0,41.0,1920.0,1080.0,0,0,2.0,18.0,13.0,38490.0
4.0,2.0,1.0,1.0,0.0,283,0.0,1,0,16,0,512,0.0,16.0,8.0,1,0,1,1,1,0,1,0,0,3.0,49.61666666666666,1920.0,1200.0,1,0,0.0,5.0,5.0,61990.0
13.0,2.0,3.0,1.0,2.0,157,1.0,0,0,16,0,512,1.0,12.0,10.0,1,0,1,1,1,0,0,0,0,3.0,50.0,1920.0,1080.0,0,2,2.0,19.0,12.0,37990.0
15.0,2.0,2.0,1.0,0.0,236,0.0,1,0,32,0,1024,2.0,24.0,14.0,1,0,1,1,1,1,0,1,0,3.0,99.0,3200.0,2000.0,0,0,2.0,21.0,13.0,148990.0
10.0,2.0,2.0,1.0,1.0,141,1.0,1,0,16,0,512,2.0,12.0,8.0,1,1,1,1,1,0,0,1,0,4.0,70.0,1920.0,1080.0,0,0,2.0,19.0,12.0,71960.0
11.0,2.0,1.0,1.0,2.0,162,1.0,1,0,16,0,512,1.0,12.0,8.0,1,0,1,1,1,0,1,0,0,2.0,60.0,1920.0,1200.0,0,0,2.0,19.0,12.0,46990.0
25.0,2.0,0.0,1.0,1.0,141,1.0,1,0,8,0,256,1.0,8.0,4.0,1,0,1,1,1,0,0,0,0,2.0,17.85,1080.0,1920.0,1,0,2.0,18.0,11.0,25990.0
2.0,2.0,3.0,1.0,1.0,141,1.0,0,0,16,0,512,2.0,12.0,8.0,1,0,1,1,1,0,0,1,0,3.0,49.61666666666666,1920.0,1080.0,0,0,2.0,19.0,12.0,49990.0
16.0,2.0,3.0,2.0,1.0,141,1.0,1,0,16,1024,256,2.0,24.0,8.0,1,0,1,1,1,0,0,1,0,3.0,49.61666666666666,1920.0,1080.0,0,0,2.0,20.0,11.0,63990.0
16.0,2.0,2.0,2.0,1.0,141,1.0,1,0,16,0,512,2.0,24.0,8.0,1,0,1,1,1,0,0,1,0,3.0,52.4,1920.0,1080.0,0,0,2.0,20.0,11.0,64990.0
7.0,2.0,1.0,1.0,1.0,141,1.0,1,0,8,0,512,1.0,10.0,6.0,1,1,1,0,1,0,0,0,1,3.0,41.0,1920.0,1080.0,1,0,2.0,18.0,12.0,37516.0
4.0,2.0,2.0,1.0,0.0,142,0.0,1,0,16,0,512,0.0,16.0,6.0,1,0,1,1,1,0,1,0,0,3.0,50.0,1920.0,1200.0,1,0,0.0,4.0,5.0,53981.0
10.0,2.0,1.0,1.0,2.0,112,1.0,1,0,8,1024,0,0.0,12.0,6.0,1,1,1,0,1,0,0,1,0,2.0,39.840625,1366.0,768.0,0,0,0.0,2.0,7.0,22980.0
26.0,2.0,1.0,1.0,1.0,242,0.0,0,0,16,0,512,1.0,8.0,4.0,1,0,1,1,1,1,1,0,0,2.0,39.840625,3200.0,2000.0,1,0,2.0,19.0,11.0,46990.0
15.0,2.0,1.0,1.0,2.0,141,1.0,1,0,16,0,512,1.0,12.0,8.0,1,0,1,1,1,0,0,0,0,3.0,56.6,1920.0,1080.0,0,0,2.0,19.0,12.0,56990.0
13.0,2.0,3.0,1.0,2.0,157,1.0,0,0,8,0,512,1.0,10.0,6.0,1,0,1,1,1,0,0,0,0,3.0,50.0,1920.0,1080.0,0,2,2.0,18.0,12.0,29990.0
4.0,2.0,2.0,1.0,0.0,142,0.0,1,0,16,0,512,2.0,20.0,10.0,1,0,1,1,1,1,0,0,0,4.0,70.58211920529801,1920.0,1200.0,0,0,2.0,19.0,13.0,89990.0
4.0,2.0,3.0,1.0,1.0,141,1.0,1,0,8,0,512,1.0,18.0,12.0,1,0,1,1,1,0,1,0,0,3.0,42.0,1920.0,1080.0,1,0,2.0,19.0,12.0,55990.0
2.0,2.0,3.0,1.0,1.0,141,1.0,1,0,8,0,512,1.0,6.0,2.0,1,1,1,0,1,0,0,1,0,3.0,36.0,1920.0,1080.0,1,0,2.0,18.0,11.0,27990.0
2.0,2.0,1.0,1.0,2.0,157,1.0,1,0,8,0,256,1.0,6.0,2.0,1,0,1,0,1,0,0,1,0,2.0,45.5,1920.0,1080.0,1,0,2.0,18.0,11.0,24990.0
2.0,2.0,1.0,1.0,2.0,135,1.0,0,0,8,0,512,1.0,8.0,4.0,1,0,1,0,1,0,0,1,0,2.0,45.5,1920.0,1080.0,1,0,2.0,19.0,11.0,32990.0
10.0,2.0,1.0,1.0,1.0,100,1.0,1,0,8,0,512,0.0,16.0,6.0,1,1,1,0,1,0,0,1,0,3.0,41.0,1366.0,768.0,0,0,0.0,4.0,5.0,36850.0
15.0,2.0,3.0,1.0,1.0,147,1.0,1,0,8,0,512,0.0,8.0,6.0,1,0,1,0,1,0,0,1,0,2.0,38.0,1920.0,1080.0,1,0,0.0,4.0,5.0,36990.0
7.0,2.0,2.0,1.0,1.0,141,1.0,1,0,8,0,512,2.0,18.0,12.0,1,0,1,1,1,0,0,1,0,3.0,41.0,1920.0,1080.0,1,0,2.0,19.0,12.0,67990.0
15.0,2.0,1.0,1.0,2.0,157,1.0,1,0,8,0,256,0.0,4.0,2.0,1,1,1,0,1,0,0,0,0,2.0,39.840625,1920.0,1080.0,1,0,0.0,2.0,7.0,18990.0
7.0,2.0,1.0,1.0,1.0,147,1.0,0,0,8,0,512,1.0,6.0,2.0,1,1,1,1,1,0,0,0,0,3.0,49.61666666666666,1920.0,1080.0,1,0,2.0,18.0,11.0,35980.0
10.0,2.0,2.0,1.0,0.0,137,1.0,1,0,16,0,512,2.0,16.0,8.0,1,0,1,1,1,0,0,1,0,4.0,70.0,1920.0,1080.0,0,0,0.0,5.0,7.0,80990.0
10.0,2.0,1.0,1.0,1.0,141,1.0,1,0,8,0,512,1.0,12.0,10.0,1,1,1,0,1,0,0,0,0,3.0,41.0,1920.0,1080.0,0,1,2.0,19.0,12.0,53999.0
15.0,2.0,1.0,1.0,0.0,141,0.0,1,0,16,0,512,1.0,12.0,8.0,1,0,1,1,1,0,0,0,0,3.0,56.6,1920.0,1080.0,0,0,2.0,19.0,12.0,58989.0
16.0,2.0,3.0,2.0,1.0,141,1.0,1,0,16,0,1024,2.0,24.0,14.0,1,0,1,1,1,0,0,1,0,3.0,53.5,1920.0,1080.0,1,0,2.0,21.0,13.0,126990.0
2.0,2.0,3.0,1.0,1.0,141,1.0,1,0,16,0,512,1.0,8.0,4.0,1,1,1,0,1,0,0,1,0,3.0,36.0,1920.0,1080.0,1,0,2.0,19.0,11.0,42999.0
7.0,2.0,1.0,1.0,2.0,141,0.0,1,0,16,0,1024,1.0,18.0,12.0,1,1,1,1,1,0,1,0,0,4.0,54.0,1920.0,1200.0,0,0,2.0,20.0,13.0,84499.0
13.0,2.0,1.0,1.0,2.0,157,1.0,0,0,8,0,256,1.0,6.0,2.0,1,0,1,1,1,0,0,0,0,2.0,50.0,1920.0,1080.0,0,0,2.0,18.0,11.0,30990.0
10.0,2.0,3.0,1.0,1.0,141,1.0,1,0,16,0,512,1.0,12.0,12.0,1,0,1,1,1,0,0,0,0,3.0,41.0,1920.0,1080.0,0,0,2.0,19.0,13.0,74990.0
10.0,2.0,2.0,1.0,0.0,137,1.0,1,0,16,0,512,2.0,12.0,6.0,1,1,1,1,1,0,0,1,1,4.0,70.0,1920.0,1080.0,0,0,2.0,19.0,11.0,62750.0
4.0,2.0,2.0,1.0,1.0,141,1.0,1,0,16,0,512,2.0,16.0,6.0,1,0,1,1,1,0,1,0,0,3.0,50.0,1920.0,1080.0,2,0,0.0,4.0,5.0,65990.0
18.0,1.0,1.0,1.0,2.0,135,1.0,0,0,4,64,0,1.0,12.0,8.0,0,0,1,0,1,0,0,0,0,2.0,39.840625,1366.0,768.0,0,0,3.0,12.0,1.0,11990.0
2.0,2.0,2.0,1.0,1.0,141,1.0,1,0,16,0,512,2.0,12.0,12.0,1,0,1,1,1,1,0,1,0,3.0,49.61666666666666,1920.0,1080.0,0,0,2.0,19.0,12.0,49990.0
7.0,2.0,2.0,1.0,1.0,141,1.0,1,0,16,0,512,2.0,18.0,12.0,1,0,1,1,1,0,0,1,0,3.0,56.0,1920.0,1080.0,1,0,2.0,19.0,12.0,72990.0
4.0,2.0,3.0,1.0,1.0,141,1.0,1,0,8,0,256,1.0,6.0,2.0,1,0,1,1,1,0,1,0,0,2.0,37.0,1920.0,1080.0,2,0,2.0,18.0,11.0,29990.0
2.0,2.0,3.0,1.0,0.0,142,1.0,1,0,16,0,1024,2.0,36.0,24.0,1,0,1,1,1,1,0,1,0,4.0,90.0,1920.0,1200.0,0,0,2.0,21.0,13.0,144990.0
4.0,2.0,3.0,1.0,2.0,243,0.0,1,0,16,0,1024,2.0,24.0,14.0,1,0,1,1,1,0,1,0,0,3.0,63.0,2880.0,1800.0,0,0,2.0,21.0,13.0,109990.0
10.0,2.0,2.0,1.0,1.0,137,1.0,1,0,16,0,1024,2.0,24.0,10.0,1,1,1,1,1,0,0,1,0,4.0,70.0,1920.0,1080.0,0,0,2.0,20.0,12.0,87990.0
4.0,2.0,2.0,1.0,0.0,170,1.0,1,0,16,0,512,2.0,16.0,8.0,1,0,1,1,1,0,0,1,0,4.0,56.0,1920.0,1080.0,0,0,0.0,5.0,6.0,88990.0
10.0,2.0,2.0,1.0,1.0,141,1.0,1,0,16,0,512,0.0,16.0,6.0,1,1,1,1,1,0,0,1,0,3.0,52.5,1920.0,1080.0,0,0,0.0,4.0,5.0,56990.0
16.0,2.0,3.0,2.0,1.0,141,1.0,1,0,16,0,512,2.0,12.0,6.0,1,0,1,1,1,1,0,1,0,3.0,49.61666666666666,1920.0,1080.0,0,0,2.0,19.0,11.0,48990.0
15.0,2.0,2.0,1.0,1.0,184,0.0,1,0,16,0,512,2.0,12.0,8.0,1,0,1,1,1,1,0,1,0,3.0,60.0,1920.0,1080.0,0,0,2.0,19.0,12.0,93050.0
15.0,2.0,2.0,1.0,1.0,184,0.0,1,0,8,0,512,2.0,12.0,8.0,1,0,1,1,1,1,0,1,0,3.0,60.0,1920.0,1080.0,0,0,2.0,19.0,13.0,89999.0
24.0,2.0,3.0,1.0,1.0,156,1.0,1,0,4,0,256,1.0,4.0,2.0,1,0,1,0,1,0,0,0,0,2.0,18.5,1920.0,1080.0,1,0,2.0,14.0,3.0,13990.0
4.0,2.0,3.0,1.0,1.0,141,1.0,1,0,8,0,512,2.0,18.0,12.0,1,0,1,1,1,1,0,1,0,4.0,90.0,1920.0,1080.0,1,0,2.0,19.0,12.0,76990.0
15.0,2.0,3.0,1.0,1.0,100,1.0,1,0,8,0,512,0.0,2.0,2.0,1,1,1,1,1,0,0,0,0,2.0,39.840625,1366.0,768.0,1,0,0.0,7.0,7.0,23990.0
13.0,2.0,1.0,1.0,2.0,157,1.0,0,0,8,0,512,1.0,6.0,2.0,1,0,1,1,1,0,0,0,0,2.0,50.0,1920.0,1080.0,0,0,2.0,18.0,11.0,23990.0
2.0,2.0,2.0,1.0,1.0,188,1.0,1,0,16,0,1024,2.0,24.0,10.0,1,0,1,1,1,0,0,1,0,4.0,57.5,2560.0,1440.0,0,0,2.0,20.0,12.0,97989.0
4.0,2.0,3.0,1.0,1.0,141,1.0,1,0,16,0,512,2.0,24.0,14.0,1,0,1,1,1,1,0,1,0,4.0,90.0,1920.0,1080.0,0,0,2.0,20.0,12.0,109990.0
4.0,2.0,3.0,1.0,1.0,141,1.0,1,0,8,0,512,1.0,12.0,10.0,1,0,1,1,1,0,1,0,0,3.0,42.0,1920.0,1080.0,1,0,2.0,19.0,12.0,47741.0
4.0,2.0,3.0,1.0,1.0,212,1.0,1,0,16,0,512,1.0,18.0,12.0,1,0,1,1,1,1,1,0,0,4.0,70.58211920529801,2880.0,1620.0,1,0,2.0,19.0,13.0,75990.0
16.0,2.0,3.0,1.0,1.0,141,1.0,1,0,16,0,512,0.0,16.0,8.0,1,0,1,1,1,0,0,1,0,3.0,53.5,1920.0,1080.0,1,0,0.0,5.0,5.0,59990.0
3.0,0.0,3.0,1.0,1.0,224,1.0,0,0,8,0,256,1.0,16.0,8.0,0,0,1,1,1,1,1,0,1,4.0,66.5,2880.0,1864.0,0,2,1.0,11.0,2.0,126990.0
13.0,2.0,3.0,1.0,1.0,141,1.0,1,0,8,0,512,1.0,4.0,4.0,1,0,1,1,1,0,0,0,0,2.0,40.0,1920.0,1080.0,0,0,2.0,16.0,11.0,23990.0
4.0,2.0,2.0,1.0,1.0,141,1.0,1,0,16,0,512,2.0,16.0,8.0,1,0,1,1,1,0,1,0,0,3.0,50.0,1920.0,1080.0,2,0,0.0,5.0,5.0,69990.0
2.0,2.0,1.0,1.0,1.0,141,1.0,0,0,8,0,512,0.0,4.0,4.0,1,0,1,0,1,0,0,0,0,3.0,40.0,1920.0,1080.0,0,0,0.0,1.0,7.0,33999.0
2.0,2.0,2.0,1.0,1.0,141,1.0,1,0,12,0,512,1.0,12.0,10.0,1,0,1,1,1,1,1,1,0,3.0,49.61666666666666,1920.0,1080.0,0,0,2.0,19.0,12.0,47990.0
26.0,2.0,1.0,1.0,2.0,215,0.0,1,0,16,0,512,1.0,12.0,8.0,1,0,1,1,1,1,1,0,0,3.0,49.61666666666666,2560.0,1600.0,0,0,2.0,19.0,12.0,59990.0
2.0,2.0,2.0,1.0,1.0,141,1.0,1,0,16,0,512,2.0,18.0,8.0,1,0,1,1,1,1,0,0,0,4.0,70.58211920529801,1920.0,1080.0,1,0,2.0,19.0,12.0,69990.0
13.0,2.0,1.0,1.0,2.0,157,1.0,0,0,16,0,1024,1.0,8.0,4.0,1,0,1,1,1,0,0,0,0,2.0,50.0,1920.0,1080.0,0,0,2.0,19.0,11.0,37990.0
7.0,2.0,3.0,3.0,1.0,145,1.0,1,0,16,0,512,2.0,12.0,6.0,0,1,1,1,1,1,0,0,0,6.0,84.42653061224489,1920.0,1200.0,0,3,2.0,20.0,10.0,184999.0
15.0,2.0,2.0,1.0,0.0,236,1.0,1,0,16,0,1024,2.0,24.0,14.0,1,1,1,1,1,1,1,0,0,4.0,99.9,3200.0,2000.0,0,0,2.0,21.0,13.0,177990.0
7.0,2.0,1.0,1.0,1.0,141,1.0,1,0,8,0,512,1.0,12.0,10.0,1,1,1,1,1,0,0,0,0,3.0,41.0,1920.0,1080.0,1,0,2.0,19.0,12.0,51487.0
4.0,2.0,2.0,1.0,0.0,142,0.0,1,0,16,0,1024,2.0,20.0,10.0,1,0,1,1,1,1,0,0,0,4.0,70.58211920529801,1920.0,1200.0,0,0,2.0,19.0,13.0,94990.0
22.0,2.0,3.0,1.0,1.0,156,1.0,0,0,8,0,512,1.0,6.0,4.0,1,0,1,0,1,0,0,1,0,2.0,39.840625,1920.0,1080.0,0,0,2.0,19.0,10.0,25990.0
13.0,2.0,3.0,1.0,2.0,157,1.0,0,0,16,0,512,1.0,12.0,10.0,1,0,1,1,1,0,0,0,0,3.0,50.0,1920.0,1080.0,0,2,2.0,20.0,12.0,47990.0
16.0,2.0,3.0,2.0,1.0,141,1.0,1,0,8,0,512,2.0,12.0,6.0,1,0,1,1,1,1,0,1,0,3.0,49.61666666666666,1920.0,1080.0,0,0,2.0,19.0,11.0,45990.0
16.0,2.0,3.0,2.0,1.0,141,1.0,1,0,16,1024,256,2.0,12.0,6.0,1,0,1,1,1,1,0,1,0,3.0,52.4,1920.0,1080.0,0,0,2.0,19.0,11.0,55990.0
4.0,2.0,1.0,1.0,2.0,162,0.0,0,1,16,0,1024,0.0,16.0,8.0,1,0,1,1,1,0,0,0,0,3.0,70.0,1920.0,1200.0,1,0,0.0,5.0,5.0,70500.0
4.0,2.0,1.0,1.0,2.0,162,0.0,0,1,16,0,1024,0.0,16.0,6.0,1,0,1,1,1,0,0,0,0,3.0,70.0,1920.0,1200.0,1,0,0.0,4.0,5.0,65500.0
15.0,2.0,3.0,1.0,1.0,141,1.0,1,0,4,0,256,1.0,4.0,4.0,1,0,1,0,1,0,0,1,0,3.0,49.61666666666666,1920.0,1080.0,1,0,0.0,1.0,4.0,40500.0
15.0,2.0,0.0,1.0,2.0,157,1.0,1,0,16,0,512,0.0,8.0,8.0,1,0,1,0,1,0,0,1,0,3.0,50.0,1920.0,1080.0,0,0,0.0,5.0,4.0,90000.0
16.0,2.0,3.0,1.0,1.0,141,1.0,1,0,8,0,512,1.0,8.0,4.0,1,0,1,1,1,0,0,0,0,3.0,49.61666666666666,1920.0,1080.0,2,0,2.0,19.0,11.0,36990.0
16.0,2.0,3.0,1.0,1.0,141,1.0,1,0,8,0,512,1.0,6.0,2.0,1,0,1,1,1,0,0,0,0,3.0,49.61666666666666,1920.0,1080.0,2,0,2.0,18.0,11.0,29990.0
15.0,2.0,2.0,1.0,1.0,141,1.0,1,0,16,0,512,2.0,16.0,6.0,1,0,1,1,1,0,0,1,0,4.0,60.0,1920.0,1080.0,0,0,0.0,4.0,6.0,62990.0
15.0,2.0,3.0,1.0,1.0,157,1.0,1,0,8,0,512,1.0,10.0,6.0,1,1,1,0,1,0,0,0,0,3.0,45.0,1920.0,1080.0,1,0,2.0,18.0,12.0,40990.0
15.0,1.0,3.0,1.0,1.0,141,1.0,1,0,8,0,512,0.0,8.0,4.0,1,1,1,1,1,1,1,1,0,3.0,45.0,1920.0,1080.0,0,0,0.0,4.0,7.0,34499.0
16.0,2.0,3.0,1.0,2.0,157,1.0,1,0,16,0,512,1.0,8.0,4.0,1,0,1,1,1,0,0,0,0,3.0,49.61666666666666,1920.0,1080.0,2,0,2.0,19.0,11.0,38990.0
4.0,2.0,3.0,1.0,1.0,141,1.0,1,0,16,0,512,2.0,18.0,12.0,1,0,1,1,1,1,0,1,0,4.0,90.0,1920.0,1080.0,0,0,2.0,19.0,12.0,85990.0
15.0,2.0,3.0,1.0,1.0,141,1.0,1,0,8,0,512,0.0,4.0,4.0,1,1,1,1,1,0,0,0,0,3.0,42.0,1920.0,1080.0,1,0,0.0,4.0,7.0,66290.0
15.0,2.0,2.0,1.0,1.0,141,1.0,1,0,16,0,512,2.0,12.0,8.0,1,0,1,1,1,0,0,1,0,3.0,60.0,1920.0,1080.0,0,0,2.0,19.0,12.0,67990.0
4.0,2.0,1.0,1.0,2.0,157,1.0,1,0,16,0,512,1.0,6.0,2.0,1,0,1,0,1,0,1,0,0,2.0,39.840625,1920.0,1080.0,2,0,2.0,18.0,11.0,42990.0
15.0,2.0,2.0,1.0,1.0,141,1.0,1,0,8,0,512,2.0,16.0,6.0,1,0,1,1,1,0,0,1,0,4.0,60.0,1920.0,1080.0,0,0,0.0,4.0,6.0,54990.0
10.0,2.0,1.0,1.0,1.0,157,1.0,1,0,8,0,512,0.0,16.0,6.0,1,0,1,1,1,0,0,0,0,3.0,41.0,1920.0,1080.0,0,0,0.0,4.0,5.0,52290.0
4.0,2.0,3.0,1.0,1.0,212,1.0,1,0,16,0,1024,1.0,24.0,14.0,1,0,1,1,1,1,1,0,0,4.0,70.58211920529801,2880.0,1620.0,1,0,2.0,21.0,13.0,109990.0
11.0,2.0,1.0,1.0,0.0,142,1.0,1,0,16,0,512,1.0,12.0,8.0,1,0,1,1,1,0,1,0,0,2.0,60.0,1920.0,1200.0,0,0,2.0,19.0,12.0,48990.0
4.0,2.0,3.0,1.0,2.0,162,0.0,1,0,16,0,512,1.0,18.0,12.0,1,0,1,1,1,0,1,0,0,3.0,70.0,1920.0,1200.0,1,0,2.0,19.0,12.0,58990.0
16.0,2.0,3.0,1.0,2.0,157,1.0,1,0,8,0,512,1.0,8.0,4.0,1,0,1,1,1,0,0,0,0,3.0,49.61666666666666,1920.0,1080.0,2,0,2.0,19.0,11.0,35990.0
16.0,2.0,2.0,2.0,0.0,255,1.0,1,0,64,0,4096,2.0,36.0,24.0,1,1,1,1,1,0,1,1,1,4.0,99.0,3840.0,2160.0,0,0,2.0,21.0,13.0,569990.0
2.0,2.0,1.0,1.0,1.0,141,1.0,0,0,8,0,512,0.0,4.0,4.0,1,0,1,0,1,0,0,0,0,3.0,40.0,1920.0,1080.0,0,0,0.0,4.0,7.0,34990.0
2.0,2.0,1.0,1.0,1.0,141,1.0,1,0,8,0,512,1.0,12.0,8.0,1,0,1,1,1,1,0,1,0,3.0,50.0,1920.0,1080.0,0,0,2.0,19.0,13.0,62990.0
3.0,0.0,3.0,1.0,0.0,254,1.0,1,0,32,0,1024,1.0,12.0,12.0,1,1,1,1,1,1,0,0,1,6.0,100.0,3456.0,2234.0,0,3,1.0,11.0,2.0,322490.0
21.0,2.0,0.0,1.0,2.0,157,1.0,1,0,8,0,512,1.0,12.0,12.0,1,1,1,1,1,0,1,0,0,4.0,70.58211920529801,1920.0,1080.0,0,0,2.0,19.0,13.0,69990.0
15.0,2.0,2.0,1.0,1.0,141,1.0,1,0,8,0,512,2.0,8.0,4.0,1,0,1,1,1,0,0,1,0,3.0,45.0,1920.0,1080.0,0,0,0.0,4.0,5.0,57990.0
10.0,1.0,1.0,1.0,2.0,112,1.0,1,0,8,0,512,0.0,4.0,4.0,1,1,1,0,1,0,0,1,0,3.0,41.0,1366.0,768.0,0,0,0.0,1.0,5.0,25999.0
11.0,2.0,3.0,1.0,2.0,141,1.0,0,0,8,0,512,0.0,8.0,6.0,1,0,1,1,1,0,1,0,0,3.0,49.61666666666666,1920.0,1080.0,1,0,0.0,4.0,5.0,34990.0
15.0,2.0,3.0,1.0,1.0,147,1.0,1,0,8,0,512,0.0,4.0,4.0,1,1,1,0,1,0,0,1,0,2.0,39.840625,1920.0,1080.0,1,0,0.0,1.0,5.0,30790.0
4.0,2.0,2.0,1.0,1.0,141,1.0,1,0,16,0,512,2.0,12.0,6.0,1,0,1,1,1,1,0,1,0,4.0,70.58211920529801,1920.0,1080.0,0,0,2.0,19.0,11.0,61990.0
3.0,0.0,3.0,1.0,2.0,224,1.0,0,0,8,0,256,1.0,16.0,8.0,0,0,1,1,1,1,0,0,1,4.0,52.6,2560.0,1664.0,0,2,1.0,11.0,2.0,94990.0
21.0,2.0,3.0,1.0,1.0,141,1.0,1,0,16,0,512,1.0,12.0,10.0,0,0,1,1,1,0,1,0,0,3.0,49.61666666666666,1920.0,1080.0,2,0,2.0,19.0,12.0,63990.0
4.0,1.0,3.0,1.0,2.0,135,1.0,1,0,4,64,0,1.0,4.0,2.0,0,1,1,0,1,0,0,0,0,3.0,49.61666666666666,1366.0,768.0,0,0,2.0,14.0,3.0,11990.0
20.0,2.0,1.0,1.0,2.0,157,2.0,1,0,8,0,256,1.0,6.0,2.0,0,0,1,1,1,0,1,0,0,2.0,39.840625,1440.0,2160.0,0,0,2.0,18.0,11.0,32990.0
15.0,2.0,0.0,1.0,1.0,141,1.0,1,0,8,0,512,1.0,10.0,5.0,0,0,0,1,1,0,0,0,0,3.0,47.0,1920.0,1080.0,0,0,2.0,18.0,13.0,44690.0
2.0,2.0,3.0,1.0,1.0,141,1.0,1,0,16,0,512,1.0,6.0,2.0,1,1,1,0,1,0,0,1,0,3.0,36.0,1920.0,1080.0,1,0,2.0,18.0,11.0,36990.0
15.0,2.0,3.0,1.0,2.0,243,0.0,0,1,16,0,1024,0.0,16.0,8.0,1,0,1,1,1,1,1,0,0,4.0,70.58211920529801,2880.0,1800.0,0,0,0.0,5.0,7.0,94990.0
4.0,2.0,3.0,1.0,2.0,323,0.0,0,1,16,0,512,1.0,18.0,12.0,1,0,1,1,1,1,1,0,0,3.0,63.0,3840.0,2400.0,0,0,2.0,19.0,12.0,74990.0
2.0,2.0,2.0,1.0,1.0,141,1.0,1,0,16,0,512,2.0,12.0,8.0,1,0,1,1,1,0,1,1,0,3.0,50.0,1920.0,1080.0,0,0,2.0,19.0,12.0,57990.0
15.0,2.0,2.0,1.0,0.0,236,0.0,1,0,32,0,1024,2.0,36.0,24.0,1,1,1,1,1,1,0,1,0,6.0,99.0,3200.0,2000.0,0,0,2.0,21.0,13.0,399999.0
15.0,2.0,3.0,1.0,1.0,157,1.0,1,0,8,0,512,1.0,10.0,6.0,1,1,1,0,1,0,0,0,0,3.0,49.61666666666666,1920.0,1080.0,1,0,2.0,18.0,12.0,34990.0
7.0,2.0,1.0,1.0,1.0,141,1.0,1,0,8,0,512,1.0,8.0,4.0,1,1,1,0,1,0,0,0,0,3.0,49.61666666666666,1920.0,1080.0,1,0,2.0,19.0,11.0,56340.0
4.0,2.0,2.0,1.0,1.0,141,1.0,1,0,16,0,512,2.0,24.0,8.0,1,0,1,1,1,0,0,1,0,4.0,90.0,1920.0,1080.0,0,0,2.0,20.0,11.0,70990.0
7.0,2.0,1.0,1.0,1.0,141,1.0,0,0,16,0,512,1.0,12.0,10.0,1,1,1,1,1,0,0,0,0,3.0,49.61666666666666,1920.0,1080.0,1,0,2.0,19.0,12.0,61990.0
2.0,2.0,1.0,1.0,1.0,141,1.0,1,0,16,0,512,0.0,4.0,4.0,1,0,1,0,1,0,0,0,0,3.0,40.0,1920.0,1080.0,0,0,0.0,4.0,7.0,48999.0
15.0,2.0,1.0,1.0,2.0,157,1.0,1,0,16,0,1024,1.0,12.0,8.0,1,0,1,1,1,0,0,0,0,3.0,56.6,1920.0,1080.0,0,0,2.0,19.0,12.0,60990.0
25.0,2.0,0.0,1.0,1.0,141,1.0,1,0,8,0,512,1.0,8.0,4.0,1,0,1,1,1,0,0,0,0,2.0,17.85,1080.0,1920.0,1,0,2.0,18.0,11.0,27990.0
16.0,2.0,3.0,2.0,1.0,141,1.0,1,0,16,1024,256,2.0,12.0,6.0,1,0,1,1,1,1,0,1,0,3.0,52.4,1920.0,1080.0,0,0,2.0,19.0,11.0,54990.0
10.0,2.0,1.0,1.0,1.0,100,1.0,1,0,4,0,256,0.0,4.0,2.0,1,1,1,0,1,0,0,1,0,3.0,41.0,1366.0,768.0,0,0,0.0,3.0,3.0,23490.0
10.0,2.0,2.0,1.0,0.0,141,1.0,1,0,16,0,1024,2.0,16.0,8.0,1,0,1,1,1,0,0,1,0,6.0,41.0,1920.0,1080.0,0,0,0.0,5.0,7.0,131254.0
16.0,2.0,3.0,2.0,1.0,141,1.0,1,0,16,0,512,2.0,12.0,6.0,1,0,1,1,1,0,0,1,0,3.0,52.4,1920.0,1080.0,0,0,2.0,19.0,12.0,51990.0
10.0,2.0,2.0,1.0,0.0,137,1.0,1,0,16,0,1024,2.0,16.0,8.0,1,1,1,1,1,0,0,1,0,4.0,70.0,1920.0,1080.0,0,0,0.0,5.0,7.0,89999.0
15.0,2.0,1.0,1.0,1.0,141,1.0,1,0,16,0,512,0.0,4.0,4.0,1,1,1,1,1,0,1,0,0,3.0,47.0,1920.0,1080.0,0,0,0.0,4.0,7.0,44990.0
7.0,2.0,1.0,1.0,1.0,141,1.0,1,0,8,0,512,1.0,12.0,10.0,1,1,1,0,1,0,0,1,0,3.0,41.0,1920.0,1080.0,1,0,2.0,19.0,13.0,62990.0
15.0,2.0,2.0,1.0,1.0,184,0.0,1,0,16,0,512,2.0,12.0,6.0,1,0,1,1,1,1,0,1,0,3.0,60.0,1920.0,1080.0,0,0,2.0,20.0,13.0,114990.0
2.0,2.0,2.0,1.0,1.0,141,1.0,1,0,16,0,512,1.0,10.0,6.0,1,0,1,1,1,1,0,1,0,3.0,49.61666666666666,1920.0,1080.0,0,0,2.0,18.0,12.0,36990.0
7.0,2.0,1.0,1.0,2.0,141,0.0,1,0,16,0,1024,1.0,12.0,10.0,1,1,1,1,1,0,1,0,0,4.0,54.0,1920.0,1200.0,0,0,2.0,19.0,13.0,71989.0
15.0,2.0,2.0,1.0,1.0,141,1.0,1,0,8,0,512,2.0,16.0,6.0,1,0,1,1,1,0,0,1,0,3.0,45.0,1920.0,1080.0,0,0,0.0,4.0,5.0,62990.0
10.0,2.0,0.0,1.0,1.0,141,1.0,1,1,16,0,512,1.0,12.0,10.0,1,1,1,1,1,1,0,0,0,3.0,51.0,1920.0,1080.0,0,0,2.0,19.0,12.0,83990.0
6.0,2.0,1.0,1.0,2.0,280,1.0,0,0,8,0,512,1.0,4.0,2.0,1,0,1,0,1,0,0,0,0,2.0,46.2,1920.0,1200.0,0,0,2.0,18.0,10.0,22490.0
7.0,2.0,1.0,1.0,1.0,141,1.0,1,0,8,0,512,0.0,8.0,6.0,1,1,1,1,1,0,0,1,0,3.0,41.0,1920.0,1080.0,1,0,0.0,4.0,5.0,42990.0
13.0,2.0,3.0,1.0,1.0,141,1.0,1,0,32,0,1024,1.0,24.0,14.0,1,0,1,1,1,0,1,0,1,4.0,70.0,1920.0,1080.0,2,0,2.0,21.0,13.0,89990.0
17.0,2.0,1.0,1.0,0.0,186,0.0,1,0,32,0,2048,0.0,16.0,8.0,1,0,1,1,1,0,0,1,0,3.0,83.0,2560.0,1600.0,0,2,0.0,5.0,7.0,56000.0
22.0,2.0,3.0,1.0,1.0,156,1.0,1,0,8,0,512,1.0,4.0,2.0,1,0,1,0,1,0,0,0,0,2.0,17.85,1920.0,1080.0,0,0,2.0,18.0,10.0,23990.0
2.0,2.0,2.0,1.0,1.0,141,1.0,1,0,16,0,512,2.0,24.0,10.0,1,0,1,1,1,0,0,1,0,4.0,70.58211920529801,1920.0,1080.0,0,0,2.0,20.0,12.0,89990.0
1.0,2.0,3.0,1.0,1.0,156,1.0,1,0,4,0,256,1.0,4.0,2.0,1,0,1,0,1,0,0,0,0,2.0,18.5,1920.0,1080.0,1,0,2.0,14.0,3.0,12989.0
13.0,2.0,1.0,1.0,2.0,157,1.0,0,0,16,0,512,1.0,8.0,4.0,1,0,1,1,1,0,0,0,0,2.0,50.0,1920.0,1080.0,0,0,2.0,19.0,11.0,34990.0
2.0,2.0,3.0,1.0,1.0,141,1.0,0,0,8,0,512,1.0,10.0,6.0,1,0,1,0,1,0,0,0,0,3.0,49.61666666666666,1920.0,1080.0,0,0,2.0,18.0,13.0,36990.0
26.0,2.0,0.0,1.0,2.0,243,1.0,1,0,8,0,512,1.0,18.0,12.0,1,0,1,1,1,1,0,0,0,2.0,6.0,2880.0,1800.0,1,0,2.0,19.0,12.0,43990.0
10.0,2.0,1.0,1.0,2.0,157,1.0,0,1,16,0,512,1.0,12.0,10.0,1,0,1,1,1,0,1,0,0,3.0,43.0,1920.0,1080.0,0,0,2.0,20.0,13.0,89500.0
2.0,2.0,3.0,1.0,2.0,243,1.0,1,0,16,0,512,1.0,18.0,12.0,1,0,1,1,1,0,1,0,0,4.0,65.0,2880.0,1800.0,0,0,2.0,19.0,13.0,64990.0
2.0,2.0,3.0,1.0,0.0,142,1.0,1,0,16,0,1024,2.0,30.0,16.0,1,0,1,1,1,1,0,1,0,4.0,90.0,2560.0,1600.0,0,0,2.0,20.0,13.0,129990.0
2.0,2.0,3.0,1.0,0.0,142,1.0,1,0,16,0,1024,2.0,30.0,16.0,1,0,1,1,1,1,0,1,0,4.0,90.0,1920.0,1200.0,0,0,2.0,20.0,13.0,114990.0
2.0,2.0,3.0,1.0,0.0,142,1.0,1,0,16,0,512,2.0,24.0,14.0,1,0,1,1,1,1,0,1,0,4.0,90.0,1920.0,1200.0,0,0,2.0,19.0,13.0,99990.0
10.0,2.0,1.0,1.0,1.0,141,1.0,1,0,8,0,512,1.0,10.0,6.0,1,1,1,1,1,0,0,0,0,3.0,41.0,1920.0,1080.0,0,0,2.0,18.0,12.0,44990.0
10.0,2.0,2.0,1.0,1.0,137,1.0,1,0,16,0,512,2.0,12.0,8.0,1,1,1,1,1,0,0,1,0,4.0,70.0,1920.0,1080.0,0,0,2.0,19.0,12.0,72799.0
10.0,2.0,0.0,1.0,1.0,100,1.0,1,0,8,0,512,1.0,6.0,2.0,1,1,1,0,1,0,0,0,0,3.0,41.0,1366.0,768.0,0,0,2.0,18.0,11.0,35990.0
10.0,2.0,2.0,1.0,1.0,137,1.0,1,0,16,0,512,2.0,12.0,8.0,1,1,1,1,1,0,0,1,0,3.0,52.5,1920.0,1080.0,0,0,2.0,19.0,12.0,75999.0
4.0,2.0,1.0,1.0,2.0,162,0.0,0,1,16,0,512,0.0,16.0,8.0,1,0,1,1,1,0,1,0,0,3.0,49.61666666666666,1920.0,1200.0,1,0,0.0,5.0,5.0,69990.0
4.0,2.0,3.0,1.0,2.0,162,0.0,1,0,8,0,512,1.0,18.0,12.0,1,0,1,1,1,0,1,0,0,3.0,70.0,1920.0,1200.0,1,0,2.0,19.0,12.0,56990.0
4.0,2.0,3.0,1.0,1.0,141,1.0,1,0,16,0,512,0.0,4.0,4.0,1,0,1,1,1,0,0,0,0,2.0,39.840625,1920.0,1080.0,1,0,0.0,4.0,7.0,49990.0
2.0,2.0,1.0,1.0,1.0,141,1.0,1,0,8,0,512,1.0,6.0,8.0,1,0,1,0,0,0,0,1,0,3.0,40.0,1920.0,1080.0,0,0,2.0,13.0,3.0,32990.0
2.0,2.0,1.0,1.0,1.0,141,1.0,1,0,8,0,512,2.0,16.0,6.0,1,0,1,1,1,1,0,1,0,4.0,57.0,1920.0,1080.0,0,0,0.0,4.0,7.0,64990.0
4.0,2.0,3.0,1.0,1.0,141,1.0,1,0,16,0,512,0.0,4.0,4.0,1,0,1,0,1,0,0,0,0,2.0,45.0,1920.0,1080.0,1,0,0.0,4.0,7.0,44990.0
4.0,2.0,3.0,1.0,1.0,141,1.0,1,0,8,0,512,0.0,4.0,4.0,1,0,1,1,1,0,0,0,0,2.0,39.840625,1920.0,1080.0,1,0,0.0,1.0,7.0,39990.0
15.0,2.0,3.0,1.0,2.0,157,1.0,1,0,8,0,512,1.0,10.0,6.0,1,1,1,1,1,0,1,0,0,2.0,39.840625,1920.0,1080.0,1,0,2.0,18.0,12.0,39990.0
16.0,2.0,2.0,2.0,0.0,255,1.0,1,0,32,0,2048,2.0,24.0,14.0,1,1,1,1,1,1,1,1,0,4.0,70.58211920529801,3840.0,2160.0,0,0,2.0,21.0,12.0,308990.0
13.0,2.0,1.0,1.0,1.0,141,1.0,1,0,8,0,512,1.0,4.0,2.0,1,0,1,1,1,0,0,0,0,2.0,50.0,1920.0,1080.0,0,0,2.0,18.0,10.0,26990.0
13.0,2.0,1.0,1.0,1.0,141,1.0,1,0,8,0,256,1.0,4.0,2.0,1,0,1,1,1,0,0,0,0,2.0,50.0,1920.0,1080.0,0,0,2.0,18.0,10.0,26990.0
10.0,2.0,3.0,1.0,1.0,141,1.0,1,0,8,0,512,1.0,6.0,2.0,1,1,1,1,1,0,0,0,0,3.0,41.0,1920.0,1080.0,0,0,2.0,18.0,11.0,37990.0
10.0,2.0,3.0,1.0,1.0,141,1.0,1,0,8,0,512,1.0,8.0,4.0,1,1,1,1,1,0,0,0,0,3.0,41.0,1920.0,1080.0,0,0,2.0,19.0,11.0,51990.0
4.0,2.0,2.0,1.0,0.0,283,0.0,1,0,16,0,512,0.0,16.0,6.0,1,0,1,1,1,0,1,0,0,3.0,49.61666666666666,1200.0,1920.0,1,0,0.0,4.0,5.0,53990.0
7.0,2.0,1.0,1.0,2.0,112,1.0,0,0,8,0,512,1.0,12.0,10.0,1,1,1,1,1,0,1,1,0,4.0,70.58211920529801,1366.0,768.0,1,0,2.0,19.0,12.0,108000.0
7.0,2.0,1.0,1.0,1.0,147,1.0,1,0,8,0,512,0.0,4.0,4.0,1,1,1,0,1,0,0,0,0,3.0,41.0,1920.0,1080.0,1,0,0.0,4.0,7.0,44550.0
10.0,2.0,1.0,1.0,0.0,142,1.0,1,0,16,0,1024,1.0,12.0,10.0,1,0,1,1,1,0,1,0,0,3.0,51.0,1920.0,1200.0,0,0,2.0,20.0,12.0,143000.0
2.0,2.0,1.0,1.0,1.0,141,1.0,1,0,8,0,512,1.0,10.0,6.0,1,0,1,1,1,1,0,0,0,3.0,50.0,1920.0,1080.0,0,0,2.0,18.0,13.0,42990.0
7.0,2.0,1.0,1.0,0.0,266,0.0,1,1,32,0,1024,2.0,24.0,14.0,0,1,1,1,1,1,1,0,0,6.0,97.0,3840.0,2400.0,0,4,2.0,21.0,13.0,354490.0
15.0,1.0,1.0,1.0,1.0,141,1.0,1,0,8,0,512,1.0,10.0,6.0,1,0,1,0,1,0,0,1,0,2.0,39.840625,1920.0,1080.0,1,0,2.0,18.0,12.0,33900.0
10.0,2.0,1.0,1.0,1.0,141,1.0,1,0,16,0,512,0.0,16.0,8.0,1,0,1,1,1,0,0,0,0,3.0,49.61666666666666,1920.0,1080.0,0,0,0.0,5.0,7.0,66999.0
7.0,2.0,1.0,1.0,0.0,138,0.0,1,0,16,0,512,1.0,12.0,10.0,1,1,1,1,1,0,1,1,0,4.0,54.0,1920.0,1080.0,0,0,2.0,20.0,13.0,89990.0
15.0,2.0,3.0,1.0,1.0,147,1.0,1,0,8,0,512,0.0,4.0,4.0,1,1,1,0,1,0,0,1,0,2.0,39.840625,1920.0,1080.0,0,0,0.0,1.0,7.0,31990.0
15.0,2.0,2.0,1.0,0.0,184,0.0,1,0,32,0,1024,2.0,24.0,14.0,1,0,1,1,1,1,0,1,0,3.0,49.61666666666666,2560.0,1600.0,0,0,2.0,20.0,13.0,172990.0
16.0,2.0,3.0,2.0,0.0,283,1.0,1,0,32,0,1024,2.0,24.0,14.0,1,0,1,1,1,0,1,1,0,4.0,99.9,3840.0,2400.0,0,0,2.0,21.0,13.0,292990.0
2.0,2.0,2.0,1.0,1.0,141,1.0,1,0,8,0,512,2.0,12.0,8.0,1,0,1,1,1,1,0,1,0,3.0,49.61666666666666,1920.0,1080.0,0,0,2.0,19.0,12.0,47990.0
10.0,2.0,3.0,1.0,1.0,141,1.0,1,0,16,0,512,1.0,12.0,12.0,1,0,1,1,0,0,0,0,0,3.0,41.0,1920.0,1080.0,0,0,2.0,19.0,13.0,66150.0
4.0,2.0,2.0,1.0,1.0,141,1.0,1,0,16,0,1024,2.0,16.0,8.0,1,0,1,1,1,1,0,1,0,4.0,70.58211920529801,1920.0,1080.0,0,0,0.0,9.0,7.0,131990.0
4.0,2.0,2.0,1.0,0.0,189,1.0,1,0,16,0,1024,2.0,36.0,24.0,1,0,1,1,1,1,0,1,0,4.0,70.58211920529801,2560.0,1600.0,0,0,2.0,21.0,13.0,179990.0
4.0,2.0,3.0,1.0,0.0,142,0.0,1,0,16,0,512,2.0,12.0,8.0,1,1,1,1,1,0,1,0,0,3.0,63.0,1920.0,1200.0,0,0,2.0,19.0,12.0,79990.0
10.0,2.0,1.0,1.0,1.0,141,1.0,1,0,8,0,512,1.0,10.0,6.0,1,0,1,1,1,0,0,0,0,3.0,49.61666666666666,1920.0,1080.0,0,0,2.0,18.0,12.0,41490.0
16.0,2.0,3.0,2.0,1.0,141,1.0,1,0,16,0,512,2.0,12.0,8.0,1,0,1,1,1,0,0,1,0,3.0,53.5,1920.0,1080.0,1,0,2.0,19.0,12.0,76990.0
4.0,2.0,3.0,1.0,2.0,162,0.0,1,0,16,0,512,2.0,18.0,12.0,1,0,1,1,1,0,1,0,0,3.0,50.0,1920.0,1200.0,0,0,2.0,19.0,13.0,79990.0
4.0,2.0,2.0,1.0,0.0,283,0.0,1,0,16,0,512,2.0,18.0,12.0,1,1,1,1,1,0,1,0,0,3.0,50.0,1920.0,1200.0,0,0,2.0,19.0,13.0,87990.0
4.0,2.0,2.0,1.0,0.0,127,1.0,1,0,8,0,512,2.0,12.0,6.0,1,0,1,1,1,1,0,1,0,3.0,48.0,1920.0,1080.0,0,0,2.0,19.0,11.0,59519.0
4.0,2.0,2.0,1.0,1.0,141,1.0,1,0,16,0,512,2.0,12.0,6.0,1,0,1,1,1,1,0,1,0,4.0,48.0,1920.0,1080.0,0,0,2.0,19.0,11.0,61990.0
10.0,2.0,2.0,1.0,1.0,137,1.0,1,0,8,0,512,2.0,16.0,6.0,1,1,1,1,1,0,0,1,0,3.0,52.5,1920.0,1080.0,0,0,0.0,4.0,5.0,54990.0
4.0,2.0,1.0,1.0,0.0,236,0.0,1,0,16,0,1024,2.0,24.0,14.0,1,0,1,1,1,1,1,1,0,6.0,96.0,3200.0,2000.0,0,0,2.0,21.0,13.0,159990.0
20.0,2.0,3.0,1.0,2.0,185,1.0,1,0,8,0,512,1.0,8.0,4.0,0,0,1,1,1,1,1,0,0,2.0,39.840625,2160.0,1440.0,0,0,2.0,19.0,11.0,40990.0
10.0,2.0,2.0,1.0,1.0,141,1.0,1,0,16,0,512,2.0,24.0,14.0,1,1,1,1,1,0,0,1,0,4.0,70.0,1920.0,1080.0,0,0,2.0,20.0,13.0,109990.0
2.0,2.0,1.0,1.0,1.0,141,1.0,1,0,16,0,512,2.0,16.0,8.0,1,0,1,1,1,0,0,1,0,4.0,57.0,1920.0,1080.0,0,0,0.0,5.0,7.0,84000.0
4.0,2.0,3.0,1.0,1.0,141,1.0,1,0,16,0,512,1.0,18.0,12.0,1,0,1,1,1,0,0,0,0,3.0,49.61666666666666,1920.0,1080.0,1,0,2.0,19.0,13.0,64990.0
15.0,2.0,1.0,1.0,1.0,141,1.0,0,0,8,0,256,1.0,4.0,2.0,1,0,1,0,1,0,0,1,0,2.0,39.840625,1920.0,1080.0,1,0,2.0,14.0,3.0,24551.0
11.0,2.0,3.0,1.0,1.0,141,1.0,0,0,16,0,512,0.0,8.0,6.0,1,0,1,1,1,0,1,0,0,3.0,56.0,1920.0,1080.0,1,0,0.0,4.0,5.0,40990.0
10.0,2.0,3.0,1.0,1.0,141,1.0,1,0,8,0,512,0.0,8.0,6.0,1,1,1,0,1,0,0,0,0,3.0,41.0,1920.0,1080.0,0,0,0.0,4.0,5.0,41490.0
10.0,2.0,3.0,1.0,1.0,141,1.0,1,0,8,0,512,0.0,4.0,4.0,1,0,1,0,1,0,0,0,0,3.0,41.0,1920.0,1080.0,0,0,0.0,4.0,7.0,45790.0
10.0,2.0,2.0,1.0,1.0,137,1.0,1,0,8,0,512,0.0,16.0,6.0,1,1,1,1,1,0,0,1,0,3.0,52.5,1920.0,1080.0,0,0,0.0,4.0,5.0,56990.0
10.0,2.0,3.0,1.0,2.0,157,1.0,1,0,8,0,512,1.0,10.0,6.0,1,1,1,1,1,0,0,0,0,3.0,41.0,1920.0,1080.0,0,0,2.0,18.0,12.0,42990.0
4.0,2.0,2.0,1.0,0.0,283,0.0,1,0,32,0,2048,2.0,64.0,16.0,1,0,1,1,1,1,0,1,0,4.0,90.0,3840.0,2400.0,0,0,0.0,9.0,7.0,429990.0
2.0,2.0,1.0,1.0,1.0,141,1.0,1,0,8,0,256,1.0,6.0,8.0,1,0,1,0,0,0,0,1,0,3.0,40.0,1920.0,1080.0,0,0,2.0,13.0,3.0,30990.0
16.0,2.0,3.0,2.0,1.0,141,1.0,1,0,16,0,1024,2.0,24.0,10.0,1,0,1,1,1,0,0,1,0,3.0,53.5,1920.0,1080.0,1,0,2.0,20.0,13.0,116990.0
10.0,2.0,2.0,1.0,1.0,137,1.0,1,0,16,0,512,2.0,12.0,8.0,1,1,1,1,1,0,0,1,0,3.0,52.5,1920.0,1080.0,0,0,2.0,19.0,12.0,67990.0
21.0,2.0,0.0,1.0,1.0,157,1.0,1,0,16,0,512,1.0,12.0,10.0,1,0,1,1,1,0,1,0,0,4.0,54.0,1920.0,1080.0,0,0,2.0,20.0,13.0,89990.0
21.0,2.0,0.0,1.0,1.0,157,1.0,1,0,16,0,512,1.0,12.0,10.0,1,0,1,1,1,0,1,0,0,3.0,54.0,1920.0,1080.0,0,0,2.0,19.0,13.0,76990.0
4.0,2.0,3.0,1.0,1.0,141,1.0,1,0,8,0,512,1.0,12.0,10.0,1,0,1,1,1,0,0,0,0,3.0,49.61666666666666,1920.0,1080.0,1,0,2.0,18.0,12.0,42990.0
16.0,2.0,3.0,2.0,0.0,127,1.0,1,0,16,0,1024,2.0,24.0,14.0,1,0,1,1,1,0,0,1,0,4.0,90.0,1920.0,1080.0,1,0,2.0,20.0,13.0,154990.0
21.0,2.0,0.0,1.0,0.0,157,1.0,1,0,32,0,1024,2.0,24.0,14.0,1,0,1,1,1,1,1,0,0,6.0,84.42653061224489,2880.0,1800.0,0,0,2.0,21.0,13.0,281990.0
15.0,2.0,3.0,1.0,1.0,157,1.0,1,0,16,0,512,0.0,8.0,6.0,1,1,1,1,1,0,1,0,0,2.0,65.0,1920.0,1080.0,1,0,0.0,4.0,5.0,46990.0
21.0,2.0,1.0,1.0,0.0,212,0.0,1,1,16,0,512,1.0,18.0,12.0,1,0,1,1,1,1,1,0,0,6.0,76.0,2880.0,1800.0,0,0,2.0,20.0,13.0,163990.0
21.0,2.0,1.0,1.0,1.0,141,0.0,1,1,16,0,1024,1.0,18.0,12.0,1,0,1,1,1,1,1,0,0,4.0,68.0,1920.0,1080.0,0,0,2.0,20.0,13.0,138990.0
21.0,2.0,1.0,1.0,2.0,166,0.0,1,1,16,0,512,1.0,12.0,10.0,1,0,1,1,1,1,1,0,0,4.0,61.0,1920.0,1080.0,0,0,2.0,20.0,13.0,109990.0
4.0,2.0,1.0,1.0,1.0,141,1.0,1,0,8,0,512,1.0,6.0,2.0,1,0,1,1,1,0,1,0,0,2.0,37.0,1920.0,1080.0,2,0,2.0,18.0,11.0,34000.0
18.0,1.0,1.0,1.0,2.0,135,1.0,0,0,4,128,0,1.0,12.0,8.0,0,0,1,0,1,0,0,1,0,2.0,39.840625,1366.0,768.0,0,0,3.0,12.0,1.0,12990.0
10.0,2.0,2.0,1.0,1.0,137,1.0,1,0,8,0,512,0.0,16.0,6.0,1,1,1,1,1,0,0,1,0,3.0,52.5,1920.0,1080.0,0,0,0.0,4.0,5.0,56490.0
10.0,2.0,0.0,1.0,1.0,141,1.0,1,0,16,0,512,1.0,12.0,12.0,1,0,1,1,1,0,0,0,0,3.0,41.0,1920.0,1080.0,0,0,2.0,19.0,12.0,67990.0
3.0,0.0,3.0,1.0,1.0,254,1.0,1,0,16,0,512,1.0,12.0,10.0,1,1,1,1,1,1,0,0,0,6.0,70.0,3024.0,1964.0,0,3,1.0,11.0,2.0,199900.0
10.0,2.0,3.0,1.0,2.0,255,1.0,1,1,16,0,512,1.0,12.0,10.0,0,0,1,1,1,1,0,0,0,4.0,70.58211920529801,1920.0,1200.0,0,0,2.0,19.0,12.0,84844.0
2.0,2.0,1.0,1.0,1.0,141,1.0,0,0,16,0,512,2.0,12.0,12.0,1,0,1,1,1,1,1,1,0,3.0,50.0,1920.0,1080.0,0,0,2.0,19.0,12.0,69000.0
10.0,2.0,3.0,1.0,2.0,141,1.0,1,0,16,0,512,1.0,12.0,10.0,1,0,1,1,1,0,1,0,0,3.0,43.0,1920.0,1080.0,2,0,2.0,19.0,12.0,65439.0
15.0,2.0,1.0,3.0,2.0,157,1.0,1,0,8,0,512,1.0,12.0,10.0,1,0,1,1,1,0,1,0,0,3.0,45.0,1920.0,1080.0,1,0,2.0,19.0,12.0,59990.0
15.0,2.0,0.0,1.0,2.0,157,1.0,1,0,8,0,512,1.0,12.0,10.0,1,0,1,1,1,0,1,1,0,3.0,49.61666666666666,1920.0,1080.0,1,0,2.0,19.0,12.0,67990.0
7.0,2.0,1.0,1.0,1.0,141,1.0,1,0,8,0,512,1.0,12.0,10.0,1,1,1,0,1,1,0,0,0,3.0,41.0,1920.0,1080.0,1,0,2.0,19.0,12.0,54990.0
4.0,2.0,3.0,1.0,2.0,157,1.0,1,1,16,0,512,1.0,12.0,12.0,1,0,1,1,1,0,1,0,0,3.0,42.0,1920.0,1080.0,1,0,2.0,19.0,12.0,62990.0
16.0,2.0,3.0,2.0,0.0,191,1.0,1,0,16,0,1024,2.0,24.0,14.0,1,0,1,1,1,0,0,1,0,3.0,53.5,2560.0,1660.0,1,0,2.0,20.0,12.0,86800.0
4.0,1.0,3.0,1.0,2.0,135,1.0,1,0,4,32,0,1.0,4.0,2.0,0,1,1,1,1,0,0,0,0,3.0,49.61666666666666,1366.0,768.0,0,0,2.0,14.0,3.0,16990.0
4.0,2.0,1.0,1.0,1.0,141,1.0,1,0,16,0,512,2.0,12.0,8.0,1,1,1,1,1,0,1,0,0,3.0,49.61666666666666,1920.0,1080.0,2,0,2.0,19.0,12.0,86990.0
2.0,2.0,1.0,1.0,2.0,112,1.0,0,0,8,0,256,0.0,4.0,2.0,1,0,1,0,1,0,0,1,0,3.0,49.61666666666666,1366.0,768.0,0,0,0.0,1.0,3.0,23990.0
4.0,2.0,1.0,1.0,1.0,141,1.0,1,0,16,0,512,2.0,12.0,8.0,1,1,1,1,1,0,0,0,0,3.0,49.61666666666666,1920.0,1080.0,0,0,2.0,19.0,12.0,79990.0
4.0,2.0,3.0,1.0,0.0,283,0.0,1,0,16,0,1024,2.0,24.0,14.0,1,1,1,1,1,1,1,1,0,4.0,90.0,3840.0,2400.0,0,0,2.0,20.0,12.0,179990.0
4.0,2.0,2.0,1.0,1.0,141,1.0,1,0,16,0,1024,2.0,16.0,8.0,1,1,1,1,1,0,0,1,0,4.0,70.58211920529801,1920.0,1080.0,0,0,0.0,5.0,6.0,104990.0
10.0,2.0,1.0,1.0,1.0,141,1.0,1,0,8,0,512,1.0,12.0,10.0,1,0,1,1,1,0,0,0,0,3.0,49.61666666666666,1920.0,1080.0,0,0,2.0,19.0,12.0,55990.0
10.0,2.0,3.0,1.0,1.0,141,1.0,1,0,8,1024,256,1.0,6.0,2.0,1,1,1,0,1,0,0,1,0,3.0,41.0,1920.0,1080.0,0,0,2.0,18.0,11.0,41990.0
10.0,2.0,1.0,1.0,1.0,141,1.0,1,0,8,0,512,1.0,12.0,10.0,1,1,1,1,1,0,0,0,0,3.0,41.0,1920.0,1080.0,0,0,2.0,19.0,12.0,54990.0
10.0,2.0,3.0,1.0,1.0,141,1.0,1,0,16,0,512,0.0,8.0,6.0,1,1,1,1,1,0,0,0,0,3.0,41.0,1920.0,1080.0,0,1,0.0,4.0,5.0,46199.0
10.0,2.0,2.0,1.0,1.0,137,1.0,1,0,8,0,512,2.0,16.0,6.0,1,1,1,1,1,0,0,1,0,4.0,52.5,1920.0,1080.0,0,0,0.0,4.0,5.0,56690.0
10.0,2.0,2.0,1.0,1.0,137,1.0,1,0,8,0,512,2.0,12.0,8.0,1,1,1,1,1,0,0,1,0,4.0,70.0,1920.0,1080.0,0,0,2.0,19.0,12.0,67536.0
4.0,2.0,2.0,1.0,1.0,141,1.0,1,0,8,0,512,2.0,12.0,6.0,1,0,1,1,1,0,0,1,0,4.0,70.58211920529801,1920.0,1080.0,0,0,2.0,19.0,11.0,58990.0
7.0,2.0,1.0,1.0,2.0,157,1.0,0,0,8,0,512,1.0,8.0,4.0,1,1,1,0,1,0,0,1,0,3.0,49.61666666666666,1080.0,1920.0,1,0,2.0,19.0,11.0,45990.0
2.0,2.0,1.0,1.0,1.0,141,1.0,0,0,8,0,512,2.0,12.0,12.0,1,0,1,1,1,1,1,0,0,3.0,50.0,1920.0,1080.0,0,0,2.0,19.0,12.0,52128.0
16.0,2.0,2.0,2.0,1.0,141,1.0,1,0,8,0,512,2.0,24.0,8.0,1,1,1,1,1,0,0,1,0,3.0,51.0,1920.0,1080.0,0,0,2.0,20.0,11.0,54990.0
10.0,2.0,2.0,1.0,1.0,141,1.0,1,0,16,0,512,2.0,18.0,12.0,1,1,1,1,1,0,0,1,0,4.0,70.0,1920.0,1080.0,0,0,2.0,19.0,13.0,103060.0
3.0,0.0,3.0,1.0,2.0,227,1.0,0,0,8,0,512,1.0,12.0,8.0,0,0,1,1,1,1,0,0,0,4.0,58.2,2560.0,1600.0,0,2,1.0,11.0,2.0,136990.0
3.0,0.0,3.0,1.0,2.0,227,1.0,0,0,8,0,256,1.0,12.0,8.0,0,0,1,1,1,1,0,0,0,4.0,58.2,2560.0,1600.0,0,2,1.0,11.0,2.0,118990.0
10.0,2.0,1.0,1.0,1.0,141,1.0,1,0,8,0,512,1.0,12.0,10.0,1,0,1,0,1,0,0,0,0,3.0,49.61666666666666,1920.0,1080.0,0,0,2.0,19.0,12.0,58366.0
4.0,2.0,3.0,1.0,1.0,141,1.0,1,0,16,0,512,1.0,18.0,12.0,1,0,1,1,1,1,1,0,0,3.0,49.61666666666666,1920.0,1080.0,1,0,2.0,19.0,12.0,74990.0
4.0,2.0,3.0,1.0,2.0,243,1.0,1,0,16,0,512,1.0,18.0,12.0,1,0,1,1,1,1,1,0,0,3.0,70.0,2880.0,1800.0,1,0,2.0,19.0,12.0,74990.0
10.0,2.0,3.0,1.0,2.0,157,1.0,1,0,16,0,512,0.0,16.0,6.0,1,0,1,1,1,0,1,0,0,3.0,43.0,1920.0,1080.0,2,0,0.0,4.0,5.0,56990.0
5.0,2.0,3.0,1.0,1.0,156,1.0,1,0,4,0,128,1.0,4.0,2.0,1,1,1,0,1,0,0,0,0,2.0,39.840625,1920.0,1080.0,1,0,2.0,14.0,3.0,16990.0
10.0,2.0,1.0,1.0,1.0,141,1.0,1,0,8,0,512,1.0,12.0,12.0,1,0,1,1,1,0,0,0,0,3.0,41.0,1920.0,1080.0,0,0,2.0,19.0,12.0,62990.0
7.0,2.0,1.0,1.0,0.0,142,0.0,1,0,16,0,512,0.0,16.0,6.0,1,1,1,1,1,0,1,0,0,3.0,49.61666666666666,1920.0,1200.0,0,0,0.0,4.0,5.0,58990.0
10.0,2.0,3.0,1.0,2.0,157,1.0,0,0,8,0,512,0.0,16.0,6.0,1,0,1,1,1,0,0,0,0,3.0,49.61666666666666,1920.0,1080.0,0,0,0.0,4.0,5.0,51149.0
4.0,2.0,2.0,1.0,1.0,141,1.0,1,0,16,0,1024,2.0,16.0,8.0,1,0,1,1,1,0,0,1,0,4.0,56.0,1920.0,1080.0,0,0,0.0,5.0,6.0,88990.0
10.0,2.0,1.0,1.0,1.0,141,1.0,1,0,8,0,512,0.0,8.0,6.0,1,1,1,0,1,0,0,0,0,3.0,41.0,1920.0,1080.0,0,0,0.0,4.0,5.0,43700.0
4.0,2.0,1.0,1.0,1.0,141,1.0,0,0,16,0,1024,2.0,16.0,8.0,1,1,1,1,1,1,1,0,0,3.0,49.61666666666666,1920.0,1080.0,1,0,0.0,5.0,5.0,82990.0
7.0,2.0,1.0,1.0,1.0,141,1.0,1,0,8,1024,256,2.0,8.0,4.0,1,1,1,0,1,0,0,0,0,3.0,49.61666666666666,1920.0,1080.0,1,0,2.0,19.0,11.0,62790.0
26.0,2.0,1.0,1.0,1.0,242,0.0,0,0,8,0,512,1.0,8.0,4.0,1,0,1,1,1,1,1,0,0,2.0,39.840625,3200.0,2000.0,1,0,2.0,19.0,11.0,45989.0
10.0,2.0,2.0,1.0,1.0,141,1.0,1,0,8,0,512,2.0,16.0,6.0,1,1,1,1,1,0,0,1,0,3.0,52.5,1920.0,1080.0,1,0,0.0,4.0,5.0,57990.0
15.0,2.0,1.0,1.0,2.0,169,1.0,1,1,8,0,512,1.0,8.0,4.0,0,0,1,1,1,0,0,0,0,2.0,39.840625,1920.0,1080.0,0,1,2.0,19.0,11.0,49999.0
23.0,2.0,3.0,2.0,1.0,141,1.0,0,0,8,0,512,0.0,4.0,4.0,1,1,1,1,1,0,0,0,0,2.0,39.840625,1920.0,1080.0,0,0,0.0,5.0,3.0,32990.0
7.0,1.0,1.0,1.0,2.0,112,1.0,0,0,8,0,512,1.0,6.0,4.0,1,1,1,0,1,0,0,1,0,3.0,49.61666666666666,1366.0,768.0,0,0,2.0,19.0,10.0,65999.0
3.0,0.0,3.0,1.0,2.0,227,1.0,0,0,8,0,512,1.0,12.0,8.0,0,0,1,1,1,0,0,0,0,4.0,49.9,2560.0,1600.0,0,0,1.0,11.0,2.0,109990.0
16.0,2.0,2.0,2.0,1.0,141,1.0,0,0,32,1024,512,2.0,12.0,6.0,1,1,1,1,1,0,0,1,0,6.0,51.0,1920.0,1080.0,0,0,2.0,20.0,10.0,100990.0
5.0,2.0,3.0,1.0,2.0,157,1.0,0,0,8,0,512,0.0,4.0,4.0,1,1,1,0,1,0,0,0,0,2.0,39.840625,1920.0,1080.0,0,0,0.0,4.0,3.0,22990.0
3.0,0.0,0.0,1.0,2.0,227,1.0,0,0,8,0,256,1.0,4.0,4.0,0,0,1,1,1,1,0,0,0,3.0,49.61666666666666,2560.0,1600.0,0,3,2.0,18.0,10.0,72999.0
3.0,0.0,0.0,1.0,0.0,226,1.0,1,0,32,0,2048,1.0,12.0,8.0,0,0,1,1,1,1,1,0,0,6.0,84.42653061224489,3072.0,1920.0,0,4,2.0,21.0,9.0,201498.0
10.0,2.0,3.0,3.0,2.0,157,1.0,1,0,8,0,512,1.0,6.0,4.0,1,1,1,0,1,0,0,1,0,3.0,49.61666666666666,1920.0,1080.0,0,0,2.0,19.0,8.0,90464.0
7.0,2.0,3.0,1.0,2.0,166,1.0,0,0,8,0,256,1.0,8.0,4.0,1,1,1,0,1,0,0,0,0,3.0,49.61666666666666,1920.0,1080.0,0,0,2.0,20.0,8.0,87990.0
7.0,2.0,2.0,1.0,1.0,263,1.0,1,0,16,1024,0,2.0,9.0,6.0,1,1,1,1,1,1,0,1,0,4.0,70.58211920529801,3480.0,2160.0,0,0,2.0,20.0,8.0,84999.0
15.0,2.0,3.0,1.0,1.0,250,1.0,0,0,16,0,1024,1.0,24.0,14.0,1,0,1,1,1,1,0,0,0,4.0,73.0,2560.0,1600.0,0,0,2.0,20.0,13.0,99990.0
15.0,2.0,3.0,1.0,1.0,250,1.0,0,0,16,0,1024,1.0,24.0,14.0,1,0,1,1,1,1,0,0,0,4.0,73.0,3072.0,1920.0,0,0,2.0,20.0,13.0,129990.0
10.0,2.0,3.0,1.0,1.0,141,1.0,1,0,8,0,512,0.0,4.0,4.0,1,0,1,1,1,0,1,0,0,3.0,41.0,1920.0,1080.0,0,0,0.0,1.0,7.0,43890.0
7.0,2.0,1.0,1.0,1.0,141,1.0,1,0,16,0,512,0.0,8.0,6.0,1,1,1,1,1,0,0,1,0,3.0,41.0,1920.0,1080.0,1,0,0.0,4.0,5.0,49800.0
7.0,2.0,0.0,1.0,1.0,141,1.0,1,0,16,0,1024,1.0,12.0,10.0,1,1,1,0,1,0,0,0,0,3.0,41.0,1920.0,1080.0,1,0,2.0,19.0,13.0,74999.0
2.0,2.0,1.0,1.0,1.0,141,1.0,1,0,8,0,512,1.0,12.0,5.0,1,0,1,0,1,1,0,0,0,3.0,49.61666666666666,1920.0,1080.0,0,0,2.0,18.0,13.0,42990.0
2.0,2.0,1.0,1.0,2.0,157,1.0,1,0,16,0,512,0.0,16.0,6.0,1,0,1,1,1,0,1,0,0,3.0,50.0,1920.0,1080.0,1,0,0.0,4.0,7.0,58990.0
10.0,2.0,1.0,1.0,0.0,188,1.0,0,1,16,0,1024,1.0,12.0,10.0,0,0,1,0,1,1,0,0,0,6.0,94.3,1920.0,2560.0,0,0,2.0,20.0,12.0,415000.0
8.0,2.0,1.0,2.0,2.0,166,0.0,1,0,16,0,512,1.0,12.0,10.0,1,0,1,1,1,0,1,0,0,4.0,50.0,1920.0,1080.0,0,0,2.0,19.0,13.0,74990.0
8.0,2.0,1.0,2.0,2.0,166,0.0,1,0,16,0,1024,1.0,12.0,10.0,1,0,1,1,1,0,1,0,0,4.0,50.0,1920.0,1080.0,0,0,2.0,20.0,13.0,89990.0
4.0,2.0,1.0,1.0,1.0,141,1.0,1,0,16,0,1024,0.0,16.0,8.0,1,0,1,1,1,0,1,0,0,3.0,50.0,1920.0,1080.0,1,0,0.0,5.0,7.0,71590.0
7.0,2.0,1.0,1.0,2.0,162,0.0,0,1,8,0,512,0.0,16.0,6.0,1,1,1,1,1,1,1,0,0,4.0,54.0,1920.0,1200.0,0,0,0.0,4.0,7.0,90440.0
4.0,2.0,3.0,1.0,1.0,141,1.0,1,0,16,0,512,1.0,10.0,6.0,1,0,1,1,1,0,1,0,0,3.0,42.0,1920.0,1080.0,1,0,2.0,18.0,12.0,44990.0
2.0,2.0,3.0,1.0,2.0,243,0.0,1,0,16,0,512,1.0,18.0,12.0,1,0,1,1,1,0,1,0,0,4.0,65.0,2880.0,1800.0,0,0,2.0,19.0,13.0,72990.0
4.0,2.0,3.0,1.0,1.0,141,1.0,1,0,16,0,512,1.0,12.0,10.0,1,0,1,1,1,0,0,0,0,3.0,42.0,1920.0,1080.0,1,0,2.0,19.0,12.0,52850.0
10.0,2.0,3.0,1.0,1.0,141,1.0,1,0,16,0,1024,1.0,12.0,10.0,1,0,1,1,0,0,0,0,0,3.0,41.0,1920.0,1080.0,0,0,2.0,19.0,13.0,73990.0
4.0,2.0,2.0,1.0,1.0,141,1.0,1,0,16,0,512,2.0,16.0,8.0,1,0,1,1,1,0,1,0,0,3.0,50.0,1920.0,1080.0,2,0,0.0,5.0,6.0,84990.0
10.0,2.0,2.0,1.0,1.0,141,1.0,1,0,8,0,512,2.0,16.0,6.0,1,1,1,1,1,0,0,1,0,3.0,52.5,1920.0,1080.0,0,0,0.0,4.0,7.0,65990.0
15.0,2.0,3.0,1.0,2.0,243,0.0,0,1,16,0,512,0.0,18.0,12.0,1,0,1,1,1,1,1,0,0,4.0,70.58211920529801,2880.0,1800.0,0,0,2.0,20.0,13.0,111490.0
15.0,2.0,3.0,1.0,2.0,162,1.0,1,1,16,0,512,1.0,12.0,10.0,1,1,1,1,1,0,1,0,0,4.0,52.5,1920.0,1200.0,0,0,2.0,20.0,13.0,89990.0
15.0,2.0,1.0,1.0,1.0,141,1.0,0,0,16,0,512,1.0,12.0,4.0,1,1,1,1,1,0,0,0,0,3.0,45.0,1920.0,1080.0,1,0,2.0,20.0,11.0,60490.0
10.0,2.0,1.0,1.0,1.0,100,1.0,1,0,8,0,512,1.0,12.0,10.0,1,0,1,0,1,0,0,1,0,3.0,41.0,1366.0,768.0,0,1,2.0,19.0,12.0,51990.0
15.0,2.0,3.0,1.0,1.0,141,1.0,1,0,16,0,512,1.0,12.0,10.0,1,0,1,1,1,1,1,1,0,3.0,45.0,1920.0,1080.0,0,0,2.0,19.0,12.0,91999.0
15.0,2.0,1.0,1.0,2.0,162,0.0,0,0,16,0,512,0.0,16.0,6.0,1,0,1,1,1,1,0,0,0,3.0,50.0,1920.0,1200.0,0,1,0.0,4.0,7.0,66389.0
4.0,2.0,1.0,1.0,1.0,141,1.0,0,0,16,0,1024,2.0,16.0,6.0,1,0,1,1,1,0,1,0,0,3.0,50.0,1920.0,1080.0,0,1,0.0,4.0,5.0,69990.0
4.0,2.0,1.0,1.0,1.0,141,1.0,0,0,16,0,1024,2.0,16.0,8.0,1,0,1,1,1,0,1,0,0,3.0,50.0,1920.0,1080.0,0,1,0.0,5.0,5.0,73990.0
10.0,1.0,1.0,1.0,1.0,100,1.0,1,0,8,0,512,0.0,4.0,2.0,1,0,1,0,1,0,0,1,0,3.0,41.0,1366.0,768.0,0,1,0.0,1.0,3.0,28490.0
15.0,2.0,1.0,1.0,0.0,142,0.0,1,0,16,0,1024,1.0,18.0,12.0,1,0,1,1,1,0,0,0,0,3.0,56.6,1920.0,1200.0,0,2,2.0,19.0,13.0,76990.0
15.0,2.0,3.0,1.0,2.0,162,0.0,1,0,16,0,512,1.0,12.0,8.0,1,0,1,1,1,0,0,0,0,3.0,56.6,1920.0,1200.0,0,2,2.0,19.0,13.0,69450.0
4.0,2.0,3.0,1.0,0.0,142,0.0,1,0,16,0,1024,2.0,24.0,10.0,1,1,1,1,1,0,1,0,0,3.0,50.0,1920.0,1200.0,0,0,2.0,20.0,12.0,88990.0
15.0,2.0,3.0,1.0,1.0,157,1.0,1,0,8,0,512,1.0,10.0,6.0,1,1,1,0,1,0,0,0,0,3.0,49.61666666666666,1920.0,1080.0,1,0,2.0,18.0,12.0,42990.0
9.0,2.0,2.0,2.0,1.0,141,1.0,0,0,8,0,512,2.0,12.0,8.0,1,0,1,1,1,1,0,1,1,4.0,70.58211920529801,1920.0,1080.0,1,0,2.0,19.0,12.0,84990.0
15.0,2.0,0.0,1.0,1.0,141,1.0,1,0,8,0,512,0.0,4.0,4.0,1,1,1,0,1,0,0,0,0,3.0,49.61666666666666,1920.0,1080.0,0,0,0.0,4.0,7.0,43990.0
10.0,2.0,2.0,1.0,1.0,141,1.0,1,0,8,0,512,2.0,16.0,6.0,1,1,1,1,1,0,0,1,0,3.0,52.5,1920.0,1080.0,0,0,0.0,4.0,7.0,63700.0
7.0,2.0,1.0,1.0,1.0,141,1.0,1,0,8,0,512,1.0,6.0,2.0,1,1,1,0,1,0,0,0,0,2.0,39.840625,1920.0,1080.0,0,0,2.0,18.0,11.0,36990.0
7.0,2.0,0.0,1.0,1.0,141,1.0,0,0,8,0,1024,1.0,12.0,10.0,1,1,1,0,1,0,0,0,0,3.0,41.0,1920.0,1080.0,1,0,2.0,19.0,13.0,64990.0
4.0,2.0,2.0,1.0,1.0,141,1.0,1,0,16,0,1024,2.0,24.0,6.0,1,0,1,1,1,1,0,1,0,4.0,90.0,1920.0,1080.0,0,0,2.0,20.0,12.0,90990.0
15.0,2.0,3.0,1.0,2.0,157,1.0,1,0,16,0,512,1.0,12.0,10.0,1,1,1,1,1,1,1,0,0,3.0,52.5,1920.0,1200.0,0,0,2.0,19.0,13.0,78652.0
4.0,2.0,2.0,1.0,0.0,283,0.0,1,0,16,0,512,2.0,24.0,10.0,1,1,1,1,1,0,1,0,0,3.0,70.0,1920.0,1200.0,0,0,2.0,20.0,12.0,114990.0
10.0,1.0,3.0,1.0,2.0,112,1.0,1,0,8,0,512,1.0,12.0,10.0,1,0,1,1,1,0,0,1,0,3.0,41.0,1366.0,768.0,0,0,2.0,19.0,12.0,64800.0
15.0,2.0,3.0,1.0,1.0,100,1.0,1,0,8,0,256,1.0,4.0,2.0,1,1,1,0,1,0,0,0,0,2.0,39.840625,1366.0,768.0,0,0,2.0,14.0,4.0,27990.0
4.0,1.0,3.0,1.0,2.0,157,1.0,1,1,4,0,64,1.0,12.0,2.0,0,0,1,0,0,0,0,0,0,3.0,50.0,1920.0,1080.0,0,0,2.0,15.0,3.0,20990.0
4.0,1.0,3.0,1.0,1.0,141,1.0,1,0,8,0,64,1.0,12.0,2.0,0,0,1,0,1,0,0,0,0,3.0,42.0,1920.0,1080.0,0,0,2.0,15.0,3.0,20990.0
4.0,1.0,3.0,1.0,1.0,141,1.0,1,0,4,0,64,1.0,12.0,2.0,0,0,1,0,1,0,0,0,0,3.0,42.0,1920.0,1080.0,0,0,2.0,15.0,3.0,15990.0
4.0,1.0,3.0,1.0,1.0,141,1.0,1,0,4,0,128,1.0,12.0,2.0,0,0,1,0,1,0,0,0,0,3.0,42.0,1920.0,1080.0,0,0,2.0,15.0,3.0,16990.0
4.0,1.0,3.0,1.0,2.0,157,1.0,1,0,4,0,128,1.0,12.0,2.0,0,0,1,0,1,0,0,0,0,3.0,50.0,1920.0,1080.0,0,0,2.0,15.0,3.0,16990.0
4.0,1.0,3.0,1.0,2.0,157,1.0,1,0,4,0,64,1.0,12.0,2.0,0,0,1,0,1,0,0,0,0,3.0,50.0,1920.0,1080.0,0,0,2.0,15.0,3.0,18990.0
4.0,2.0,3.0,1.0,0.0,142,0.0,1,0,8,0,512,1.0,10.0,6.0,1,0,1,1,1,0,0,0,0,3.0,42.0,1920.0,1200.0,1,0,2.0,18.0,12.0,43990.0
9.0,2.0,2.0,2.0,1.0,141,1.0,0,0,8,0,512,2.0,18.0,12.0,1,0,1,1,1,0,0,0,1,4.0,54.0,1920.0,1080.0,1,0,2.0,19.0,12.0,94990.0
9.0,2.0,2.0,2.0,0.0,142,0.0,0,0,16,0,512,2.0,24.0,10.0,1,0,1,1,1,0,0,1,1,4.0,54.0,1920.0,1200.0,0,2,2.0,20.0,13.0,130000.0
10.0,2.0,3.0,1.0,1.0,141,1.0,1,0,8,0,256,0.0,8.0,6.0,1,1,1,1,1,0,0,1,0,3.0,41.0,1920.0,1080.0,0,0,0.0,4.0,5.0,33400.0
15.0,2.0,3.0,1.0,2.0,162,1.0,1,1,16,0,512,1.0,12.0,6.0,1,1,1,1,1,0,1,0,0,3.0,52.5,1920.0,1200.0,0,0,2.0,18.0,13.0,58990.0
15.0,2.0,1.0,1.0,2.0,162,1.0,1,0,16,0,512,0.0,16.0,8.0,1,1,1,1,1,0,1,0,0,3.0,52.5,1920.0,1200.0,0,0,0.0,5.0,7.0,69990.0
4.0,2.0,2.0,1.0,0.0,283,0.0,1,0,16,0,512,2.0,24.0,10.0,1,1,1,1,1,1,1,0,0,4.0,70.0,1920.0,1200.0,0,0,2.0,20.0,12.0,103000.0
8.0,2.0,0.0,2.0,2.0,162,0.0,1,0,16,0,512,1.0,12.0,10.0,1,0,1,1,1,0,1,1,0,4.0,64.0,1920.0,1200.0,0,0,2.0,19.0,13.0,86990.0
15.0,2.0,1.0,1.0,2.0,162,1.0,1,0,16,0,512,0.0,16.0,8.0,1,0,1,1,1,0,1,0,0,3.0,56.6,1920.0,1200.0,0,0,0.0,5.0,7.0,63990.0
15.0,2.0,3.0,1.0,2.0,170,1.0,0,0,16,0,512,1.0,18.0,12.0,1,0,1,1,1,1,0,0,0,4.0,70.58211920529801,1920.0,1200.0,0,0,2.0,20.0,13.0,96990.0
15.0,2.0,1.0,1.0,1.0,157,1.0,1,0,16,0,512,0.0,4.0,4.0,1,1,1,0,1,0,0,0,0,3.0,49.61666666666666,1920.0,1080.0,0,0,0.0,4.0,7.0,51990.0
15.0,2.0,1.0,1.0,1.0,157,1.0,1,0,8,0,512,0.0,4.0,4.0,1,1,1,0,1,0,0,0,0,3.0,49.61666666666666,1920.0,1080.0,0,0,0.0,4.0,7.0,48990.0
10.0,2.0,2.0,1.0,1.0,141,1.0,1,0,8,0,512,2.0,16.0,6.0,1,1,1,1,1,0,0,1,0,4.0,52.5,1920.0,1080.0,0,0,0.0,4.0,7.0,62990.0
4.0,2.0,3.0,1.0,0.0,142,0.0,1,0,16,0,512,2.0,12.0,8.0,1,1,1,1,1,0,1,0,0,3.0,50.0,1920.0,1200.0,0,1,2.0,19.0,12.0,79990.0
4.0,2.0,3.0,1.0,0.0,142,0.0,1,0,16,0,512,2.0,12.0,8.0,1,1,1,1,1,0,1,0,0,3.0,50.0,1920.0,1200.0,0,0,2.0,19.0,12.0,79990.0
4.0,2.0,2.0,1.0,0.0,283,0.0,1,0,16,0,512,2.0,12.0,8.0,1,1,1,1,1,1,1,0,0,4.0,70.0,1920.0,1200.0,0,0,2.0,19.0,12.0,94990.0
16.0,2.0,2.0,2.0,1.0,141,1.0,1,0,16,0,512,2.0,12.0,6.0,1,0,1,1,1,0,0,1,0,3.0,49.61666666666666,1920.0,1080.0,0,0,2.0,19.0,11.0,63500.0
16.0,2.0,2.0,2.0,1.0,141,1.0,1,0,16,0,512,2.0,24.0,10.0,1,0,1,1,1,1,0,1,0,3.0,53.5,1920.0,1080.0,1,0,2.0,20.0,12.0,91990.0
15.0,2.0,0.0,1.0,1.0,157,1.0,1,0,8,0,512,1.0,10.0,6.0,1,0,1,1,1,1,1,1,0,3.0,45.0,1920.0,1080.0,0,0,2.0,18.0,12.0,47750.0
15.0,2.0,3.0,1.0,2.0,243,0.0,0,1,16,0,512,0.0,16.0,8.0,1,0,1,1,1,1,1,0,0,4.0,70.58211920529801,2880.0,1800.0,2,0,0.0,5.0,7.0,95790.0
15.0,2.0,0.0,3.0,2.0,112,1.0,1,0,8,0,512,1.0,8.0,4.0,1,0,1,1,1,1,0,1,0,3.0,49.61666666666666,1920.0,1080.0,0,0,2.0,19.0,11.0,79000.0
4.0,2.0,1.0,1.0,1.0,141,1.0,1,0,16,0,512,2.0,16.0,6.0,1,0,1,1,1,0,0,0,0,3.0,70.0,1920.0,1080.0,2,0,0.0,4.0,5.0,72990.0
2.0,2.0,3.0,1.0,2.0,112,1.0,0,0,8,0,512,0.0,8.0,6.0,1,1,1,0,1,0,0,1,0,3.0,48.0,1366.0,768.0,0,0,0.0,4.0,5.0,41990.0
2.0,2.0,3.0,1.0,2.0,112,1.0,0,0,16,0,512,0.0,8.0,6.0,1,1,1,0,1,0,0,1,0,3.0,48.0,1366.0,768.0,0,0,0.0,4.0,5.0,44990.0
4.0,2.0,3.0,1.0,1.0,141,1.0,1,0,8,0,512,1.0,10.0,6.0,1,0,1,1,1,0,0,0,0,3.0,49.61666666666666,1920.0,1080.0,1,0,2.0,18.0,12.0,40990.0
4.0,2.0,3.0,1.0,2.0,141,1.0,1,0,8,0,512,0.0,4.0,4.0,1,0,1,1,1,0,0,0,0,3.0,49.61666666666666,1920.0,1080.0,1,0,0.0,1.0,7.0,38990.0
15.0,1.0,0.0,1.0,2.0,112,1.0,1,0,8,0,512,1.0,8.0,4.0,1,0,1,0,1,0,0,1,0,2.0,39.840625,1366.0,768.0,1,0,2.0,19.0,11.0,44600.0
10.0,2.0,2.0,1.0,0.0,182,1.0,1,0,32,0,1024,2.0,16.0,8.0,1,0,1,1,1,0,0,1,0,6.0,83.0,2560.0,1440.0,0,0,0.0,9.0,7.0,190721.0
10.0,2.0,2.0,1.0,1.0,141,1.0,1,0,8,0,512,0.0,16.0,6.0,1,1,1,1,1,0,0,1,0,3.0,52.5,1920.0,1080.0,0,0,0.0,4.0,5.0,54990.0
7.0,2.0,1.0,1.0,2.0,141,1.0,1,0,16,0,1024,1.0,12.0,10.0,1,1,1,1,1,0,1,0,0,4.0,54.0,1920.0,1080.0,0,0,2.0,20.0,13.0,84490.0
7.0,2.0,1.0,1.0,1.0,141,1.0,1,0,8,0,512,1.0,6.0,2.0,1,1,1,0,1,0,0,1,0,3.0,49.61666666666666,1920.0,1080.0,0,0,2.0,18.0,11.0,38990.0
8.0,2.0,0.0,2.0,2.0,162,0.0,1,1,16,0,1024,1.0,18.0,12.0,1,0,1,1,1,0,1,1,0,4.0,70.58211920529801,1920.0,1200.0,0,0,2.0,20.0,13.0,109990.0
4.0,2.0,2.0,1.0,1.0,141,1.0,1,0,16,0,512,2.0,12.0,6.0,1,0,1,1,1,0,0,1,0,3.0,49.61666666666666,1920.0,1080.0,0,0,2.0,19.0,11.0,61990.0
4.0,2.0,2.0,1.0,1.0,141,1.0,1,0,8,0,512,2.0,12.0,6.0,1,0,1,1,1,0,0,1,0,3.0,49.61666666666666,1920.0,1080.0,0,0,2.0,19.0,11.0,57990.0
10.0,2.0,2.0,1.0,1.0,141,1.0,1,0,8,0,512,2.0,16.0,6.0,1,1,1,1,1,0,0,1,0,4.0,52.5,1920.0,1080.0,0,0,0.0,4.0,7.0,64999.0
15.0,2.0,3.0,1.0,1.0,141,1.0,1,0,16,0,512,0.0,8.0,8.0,1,1,1,1,1,0,0,0,0,3.0,45.0,1920.0,1080.0,1,0,0.0,5.0,5.0,52990.0
10.0,2.0,1.0,1.0,0.0,137,1.0,1,0,16,0,512,2.0,30.0,16.0,1,0,1,1,1,1,0,1,0,6.0,83.0,1920.0,1080.0,0,0,2.0,20.0,13.0,176108.0
15.0,2.0,2.0,1.0,1.0,141,1.0,1,0,8,0,512,2.0,8.0,4.0,1,0,1,1,0,0,0,1,0,3.0,45.0,1920.0,1080.0,0,1,2.0,19.0,11.0,58850.0
4.0,2.0,1.0,1.0,1.0,141,1.0,1,0,16,0,512,2.0,16.0,6.0,1,0,1,1,1,0,1,0,0,3.0,50.0,1920.0,1080.0,0,1,0.0,4.0,5.0,60990.0
16.0,2.0,3.0,1.0,2.0,157,1.0,0,0,16,0,512,1.0,12.0,10.0,1,0,1,1,1,0,0,0,0,3.0,49.61666666666666,1920.0,1080.0,2,0,2.0,20.0,12.0,49990.0
4.0,2.0,3.0,1.0,2.0,141,1.0,1,0,8,0,512,0.0,4.0,4.0,1,0,1,1,1,0,0,0,0,3.0,49.61666666666666,1920.0,1080.0,1,0,0.0,1.0,7.0,38990.0
16.0,2.0,3.0,2.0,0.0,283,0.0,1,0,32,0,1024,2.0,24.0,14.0,1,0,1,1,1,0,1,1,0,4.0,99.9,3840.0,2400.0,0,0,2.0,21.0,13.0,249990.0
2.0,2.0,3.0,1.0,2.0,157,0.0,1,0,8,0,512,1.0,6.0,8.0,1,0,1,0,1,0,0,0,0,3.0,40.0,1920.0,1200.0,0,0,2.0,13.0,3.0,44990.0
15.0,2.0,3.0,1.0,1.0,141,1.0,1,0,8,0,512,1.0,6.0,2.0,1,1,1,0,1,0,0,0,0,2.0,45.0,1920.0,1080.0,0,0,2.0,18.0,11.0,39990.0
15.0,2.0,3.0,2.0,2.0,142,1.0,1,0,16,0,512,1.0,12.0,8.0,1,0,1,1,1,0,0,0,0,3.0,56.6,1920.0,1200.0,0,0,2.0,19.0,13.0,68990.0
15.0,2.0,3.0,1.0,2.0,162,1.0,0,0,16,0,512,1.0,24.0,10.0,1,0,1,1,1,0,0,0,0,4.0,56.6,1920.0,1200.0,0,0,2.0,20.0,13.0,87490.0
7.0,2.0,1.0,1.0,1.0,141,1.0,1,0,8,0,512,1.0,6.0,2.0,1,1,1,0,1,0,0,0,0,3.0,41.0,1920.0,1080.0,1,0,2.0,18.0,11.0,39399.0
7.0,2.0,1.0,1.0,1.0,141,1.0,0,0,8,0,1024,1.0,10.0,5.0,1,0,1,0,1,0,0,0,0,3.0,41.0,1920.0,1080.0,1,0,2.0,18.0,13.0,45990.0
7.0,2.0,1.0,1.0,1.0,147,1.0,1,0,8,0,1024,0.0,4.0,4.0,1,1,1,0,1,0,0,0,0,3.0,41.0,1920.0,1080.0,1,0,0.0,4.0,7.0,49490.0
7.0,2.0,1.0,1.0,1.0,141,1.0,1,0,8,0,512,0.0,4.0,4.0,1,1,1,1,1,0,0,0,0,3.0,41.0,1920.0,1080.0,1,0,0.0,1.0,5.0,35990.0
7.0,2.0,1.0,1.0,2.0,227,0.0,1,0,16,0,1024,1.0,18.0,12.0,1,0,1,1,1,1,1,0,0,4.0,70.58211920529801,2560.0,1600.0,0,0,2.0,20.0,13.0,98990.0
7.0,2.0,1.0,1.0,2.0,227,0.0,1,0,16,0,1024,1.0,12.0,12.0,1,0,1,1,1,1,1,0,0,4.0,54.0,2560.0,1600.0,0,0,2.0,19.0,13.0,86990.0
7.0,2.0,1.0,1.0,2.0,162,0.0,1,1,16,0,1024,1.0,12.0,10.0,1,1,1,1,1,1,1,0,0,4.0,54.0,1920.0,1200.0,0,0,2.0,19.0,13.0,84990.0
10.0,2.0,2.0,1.0,1.0,141,1.0,1,0,16,0,512,2.0,16.0,6.0,1,1,1,1,1,0,0,1,0,4.0,70.0,1920.0,1080.0,0,0,0.0,4.0,5.0,65290.0
15.0,2.0,3.0,1.0,2.0,170,1.0,0,0,16,0,512,1.0,12.0,12.0,1,0,1,1,1,1,0,0,0,4.0,70.58211920529801,1920.0,1200.0,0,0,2.0,19.0,13.0,82990.0
10.0,2.0,3.0,1.0,1.0,141,1.0,1,0,16,0,1024,1.0,12.0,10.0,1,0,1,1,0,0,0,0,0,3.0,41.0,1920.0,1080.0,0,0,2.0,19.0,13.0,74990.0
16.0,2.0,3.0,2.0,0.0,127,1.0,1,0,16,0,1024,2.0,24.0,10.0,1,0,1,1,1,0,0,1,0,3.0,53.5,1920.0,1080.0,1,0,2.0,20.0,12.0,138990.0
16.0,2.0,3.0,1.0,1.0,141,1.0,1,0,16,0,512,2.0,24.0,10.0,1,0,1,1,1,0,0,1,0,3.0,49.61666666666666,1920.0,1080.0,0,0,2.0,20.0,12.0,87990.0
16.0,2.0,3.0,2.0,1.0,141,1.0,1,0,16,0,512,2.0,24.0,10.0,1,0,1,1,1,0,0,1,0,3.0,51.0,1920.0,1080.0,0,0,2.0,20.0,12.0,94990.0
15.0,2.0,3.0,1.0,0.0,142,1.0,1,0,16,0,512,1.0,18.0,12.0,1,0,1,1,1,0,0,0,0,3.0,56.6,1920.0,1080.0,0,0,2.0,19.0,13.0,74990.0
16.0,2.0,3.0,2.0,0.0,127,1.0,1,0,16,0,1024,2.0,24.0,10.0,1,0,1,1,1,0,0,1,0,3.0,53.5,1920.0,1080.0,1,0,2.0,20.0,12.0,113990.0
16.0,2.0,3.0,2.0,0.0,127,1.0,1,0,8,0,1024,2.0,24.0,10.0,1,0,1,1,1,0,0,1,0,3.0,53.5,1920.0,1080.0,1,0,2.0,20.0,12.0,103990.0
16.0,2.0,3.0,2.0,0.0,127,1.0,1,0,16,0,1024,2.0,24.0,14.0,1,0,1,1,1,0,0,1,0,4.0,90.0,1920.0,1080.0,1,0,2.0,21.0,13.0,189990.0
16.0,2.0,3.0,2.0,0.0,127,1.0,1,0,8,0,1024,2.0,24.0,14.0,1,0,1,1,1,0,0,1,0,4.0,90.0,2560.0,1440.0,1,0,2.0,20.0,13.0,134990.0
16.0,2.0,3.0,2.0,1.0,141,1.0,1,0,8,0,512,2.0,12.0,6.0,1,0,1,1,1,0,0,1,0,3.0,52.4,1920.0,1080.0,0,0,2.0,19.0,12.0,49990.0
15.0,2.0,1.0,1.0,1.0,141,1.0,1,0,8,0,512,1.0,6.0,2.0,1,1,1,0,1,0,0,0,0,3.0,49.61666666666666,1920.0,1080.0,1,0,2.0,18.0,11.0,38890.0
10.0,2.0,2.0,1.0,1.0,141,1.0,1,0,16,0,512,2.0,18.0,12.0,1,1,1,1,1,0,0,1,0,4.0,70.0,1920.0,1080.0,0,0,2.0,19.0,13.0,116463.0
10.0,2.0,2.0,1.0,1.0,141,1.0,1,0,16,0,512,2.0,24.0,14.0,1,1,1,1,1,0,0,1,0,4.0,70.0,1920.0,1080.0,0,0,2.0,20.0,13.0,109990.0
10.0,2.0,3.0,1.0,0.0,182,1.0,1,0,32,0,1024,2.0,36.0,24.0,1,0,1,1,1,0,0,1,0,6.0,97.0,2560.0,1600.0,0,0,2.0,21.0,13.0,277278.0
10.0,2.0,3.0,1.0,0.0,182,1.0,1,0,16,0,512,2.0,24.0,14.0,1,0,1,1,1,0,0,1,0,6.0,83.0,1920.0,1080.0,0,0,2.0,19.0,13.0,153625.0
10.0,2.0,2.0,1.0,1.0,137,1.0,1,0,8,0,512,0.0,16.0,6.0,1,1,1,1,1,0,0,1,0,3.0,52.5,1920.0,1080.0,0,0,0.0,4.0,5.0,56999.0
9.0,2.0,2.0,2.0,1.0,188,1.0,1,0,16,0,1024,2.0,18.0,12.0,1,0,1,1,1,1,0,1,1,4.0,99.0,2560.0,1440.0,0,0,2.0,19.0,12.0,149990.0
15.0,2.0,3.0,1.0,2.0,170,1.0,0,0,16,0,512,1.0,12.0,12.0,1,0,1,1,1,1,0,0,0,4.0,65.0,1920.0,1200.0,0,0,2.0,19.0,13.0,78990.0
15.0,2.0,1.0,1.0,2.0,162,1.0,1,0,16,0,512,0.0,16.0,6.0,1,0,1,1,1,0,1,0,0,3.0,56.6,1920.0,1200.0,0,0,0.0,4.0,7.0,58990.0
4.0,2.0,3.0,1.0,1.0,141,1.0,1,0,8,0,512,1.0,10.0,6.0,1,0,1,1,1,0,0,0,0,3.0,49.61666666666666,1920.0,1080.0,1,0,2.0,18.0,12.0,40990.0
10.0,2.0,3.0,1.0,2.0,255,1.0,1,1,16,0,512,1.0,12.0,10.0,0,0,1,1,1,1,0,0,0,4.0,70.58211920529801,2880.0,1800.0,0,0,2.0,20.0,12.0,108274.0
6.0,2.0,1.0,1.0,1.0,280,1.0,0,0,16,0,512,1.0,6.0,4.0,1,0,1,0,1,0,0,1,0,2.0,66.9,1920.0,1080.0,0,0,2.0,19.0,10.0,32999.0
10.0,2.0,2.0,1.0,0.0,137,1.0,1,0,16,0,512,2.0,12.0,8.0,1,0,1,1,1,0,0,1,0,6.0,83.0,1920.0,1080.0,0,0,2.0,19.0,13.0,101990.0
10.0,2.0,0.0,1.0,2.0,166,1.0,1,1,16,0,512,1.0,12.0,10.0,1,0,1,1,1,0,0,0,0,6.0,68.0,1920.0,1280.0,0,0,2.0,20.0,13.0,231746.0
4.0,2.0,2.0,1.0,1.0,141,1.0,1,0,16,0,512,2.0,16.0,6.0,1,0,1,1,1,0,1,0,0,3.0,70.0,1920.0,1080.0,2,0,0.0,4.0,5.0,69990.0
4.0,2.0,3.0,1.0,0.0,142,0.0,1,0,16,0,512,2.0,24.0,10.0,1,1,1,1,1,0,1,0,0,3.0,50.0,1920.0,1200.0,0,0,2.0,20.0,12.0,94990.0
2.0,2.0,3.0,1.0,0.0,142,1.0,1,0,16,0,1024,2.0,36.0,24.0,1,0,1,1,1,1,0,1,0,4.0,90.0,2560.0,1600.0,0,0,2.0,21.0,13.0,165601.0
16.0,2.0,3.0,2.0,1.0,141,1.0,1,0,8,0,512,2.0,24.0,10.0,1,0,1,1,1,0,0,1,0,3.0,53.5,1920.0,1080.0,1,0,2.0,20.0,12.0,85990.0
4.0,2.0,2.0,1.0,1.0,141,1.0,1,0,16,0,512,2.0,16.0,8.0,1,0,1,1,1,0,1,0,0,3.0,70.0,1920.0,1080.0,2,0,0.0,5.0,5.0,76990.0
15.0,2.0,3.0,2.0,2.0,142,1.0,1,0,16,0,512,1.0,12.0,8.0,1,0,1,1,1,0,0,0,0,3.0,56.6,1920.0,1200.0,0,0,2.0,19.0,13.0,71990.0
4.0,2.0,3.0,1.0,2.0,243,0.0,0,1,16,0,512,1.0,24.0,14.0,1,0,1,1,1,0,1,0,0,3.0,63.0,3840.0,2400.0,0,0,2.0,20.0,12.0,84990.0
4.0,2.0,1.0,1.0,1.0,141,1.0,1,0,8,0,512,1.0,6.0,2.0,1,1,1,1,1,0,1,0,0,2.0,37.0,1920.0,1080.0,0,0,2.0,18.0,11.0,37990.0
10.0,2.0,2.0,1.0,0.0,189,1.0,1,0,16,0,512,2.0,30.0,16.0,1,0,1,1,1,0,0,1,0,6.0,97.0,2560.0,1600.0,0,0,2.0,20.0,13.0,186592.0
10.0,2.0,1.0,1.0,2.0,157,1.0,0,1,16,0,512,1.0,12.0,10.0,1,0,1,1,1,1,1,0,0,3.0,43.0,1920.0,1080.0,0,0,2.0,19.0,13.0,79990.0
15.0,2.0,2.0,1.0,1.0,184,0.0,1,0,16,0,512,2.0,12.0,8.0,1,0,1,1,1,1,0,1,0,3.0,60.0,1920.0,1080.0,0,0,2.0,19.0,12.0,91490.0
15.0,2.0,2.0,1.0,1.0,184,0.0,1,0,16,0,512,2.0,12.0,8.0,1,0,1,1,1,1,0,1,0,3.0,60.0,1920.0,1080.0,0,0,2.0,19.0,12.0,97990.0
9.0,2.0,3.0,2.0,1.0,141,1.0,1,0,8,0,512,2.0,18.0,12.0,1,0,1,1,1,0,0,1,1,4.0,99.0,1920.0,1080.0,0,0,2.0,19.0,12.0,117574.0
4.0,2.0,3.0,1.0,1.0,141,1.0,1,0,16,0,512,1.0,12.0,10.0,1,0,1,1,1,0,1,0,0,3.0,42.0,1920.0,1080.0,1,0,2.0,19.0,12.0,59990.0
15.0,2.0,2.0,1.0,1.0,184,0.0,1,0,16,0,512,2.0,16.0,8.0,1,0,1,1,1,1,0,1,0,3.0,60.0,1920.0,1080.0,0,0,0.0,5.0,7.0,99990.0
16.0,2.0,2.0,2.0,0.0,189,0.0,1,0,32,0,1024,2.0,36.0,24.0,1,1,1,1,1,0,0,1,0,4.0,90.0,2560.0,1600.0,0,0,2.0,21.0,13.0,279990.0
16.0,2.0,2.0,2.0,0.0,178,0.0,1,0,32,0,2048,2.0,36.0,24.0,1,1,1,1,1,1,0,1,0,4.0,90.0,2560.0,1600.0,0,0,2.0,21.0,13.0,344990.0
2.0,2.0,3.0,1.0,1.0,141,1.0,0,0,8,0,512,2.0,8.0,4.0,1,0,1,1,1,0,1,1,0,2.0,39.840625,1920.0,1080.0,0,0,2.0,19.0,11.0,44990.0
15.0,2.0,1.0,1.0,2.0,157,1.0,1,0,16,0,512,0.0,16.0,6.0,1,0,1,1,1,0,1,0,0,3.0,47.0,1920.0,1080.0,0,0,0.0,4.0,7.0,60990.0
4.0,2.0,3.0,1.0,1.0,141,1.0,1,0,4,0,256,1.0,4.0,2.0,1,0,1,0,1,0,0,0,0,2.0,39.840625,1920.0,1080.0,1,0,2.0,14.0,3.0,23990.0
10.0,2.0,2.0,1.0,0.0,141,1.0,1,0,16,0,512,2.0,16.0,8.0,1,0,1,1,1,0,0,1,0,6.0,83.0,1920.0,1080.0,0,0,0.0,5.0,7.0,128599.0
10.0,2.0,3.0,1.0,0.0,182,1.0,1,0,16,0,512,2.0,30.0,16.0,1,0,1,1,1,0,0,1,0,6.0,83.0,1920.0,1080.0,0,0,2.0,20.0,13.0,138990.0
10.0,2.0,3.0,1.0,2.0,112,1.0,1,0,8,0,512,1.0,6.0,2.0,1,1,1,0,1,0,0,1,0,3.0,41.0,1366.0,768.0,0,0,2.0,18.0,11.0,51147.0
15.0,1.0,0.0,1.0,2.0,166,1.0,1,1,16,0,256,0.0,4.0,4.0,1,0,1,1,1,0,1,0,0,3.0,51.0,1920.0,1080.0,0,0,0.0,4.0,3.0,54990.0
13.0,2.0,3.0,1.0,1.0,141,1.0,0,0,16,0,1024,1.0,12.0,4.0,1,1,1,1,1,0,0,0,0,3.0,49.61666666666666,1920.0,1080.0,0,0,2.0,20.0,11.0,52990.0
2.0,2.0,2.0,1.0,1.0,141,1.0,1,0,8,0,512,2.0,12.0,8.0,1,0,1,1,1,1,0,0,0,4.0,57.5,1920.0,1080.0,0,0,2.0,19.0,12.0,66990.0
15.0,2.0,3.0,1.0,2.0,157,1.0,1,1,16,0,1024,1.0,8.0,4.0,1,1,1,1,1,0,1,0,0,4.0,70.58211920529801,1920.0,1080.0,0,0,2.0,19.0,11.0,119888.0
10.0,2.0,1.0,1.0,1.0,141,1.0,1,0,4,0,256,0.0,4.0,2.0,1,1,1,0,1,0,0,1,0,2.0,39.840625,1920.0,1080.0,0,0,0.0,3.0,3.0,23490.0
15.0,2.0,3.0,1.0,2.0,170,1.0,0,1,16,0,512,0.0,16.0,6.0,1,0,1,1,1,0,0,0,0,4.0,59.0,1920.0,1200.0,0,0,0.0,4.0,7.0,76889.0
7.0,2.0,1.0,1.0,2.0,227,0.0,1,0,16,0,512,1.0,18.0,12.0,1,0,1,1,1,1,1,0,0,4.0,70.58211920529801,2560.0,1600.0,0,0,2.0,20.0,13.0,96490.0
7.0,2.0,1.0,1.0,2.0,227,0.0,1,0,16,0,512,1.0,12.0,12.0,1,0,1,1,1,1,1,0,0,4.0,70.58211920529801,2560.0,1600.0,0,0,2.0,19.0,13.0,84490.0
7.0,2.0,1.0,1.0,1.0,290,0.0,1,1,16,0,1024,2.0,24.0,14.0,0,1,1,1,1,1,1,0,0,6.0,86.0,3456.0,2160.0,0,3,2.0,20.0,13.0,256990.0
4.0,2.0,3.0,1.0,1.0,141,1.0,1,0,8,0,512,1.0,10.0,6.0,1,0,1,1,1,0,0,0,0,3.0,49.61666666666666,1920.0,1080.0,1,0,2.0,18.0,12.0,40900.0
7.0,2.0,3.0,1.0,1.0,141,1.0,1,0,16,0,512,2.0,8.0,4.0,1,0,1,1,1,0,0,0,0,4.0,70.58211920529801,1920.0,1080.0,0,0,2.0,19.0,11.0,69900.0
9.0,2.0,2.0,2.0,0.0,141,1.0,1,0,16,0,1024,2.0,24.0,14.0,0,0,1,1,1,1,0,0,0,6.0,99.0,3840.0,2400.0,0,3,2.0,20.0,12.0,211199.0
16.0,2.0,3.0,1.0,2.0,157,1.0,0,0,16,0,512,1.0,12.0,12.0,1,0,1,1,1,0,1,0,0,3.0,49.61666666666666,1920.0,1080.0,0,0,2.0,19.0,12.0,77990.0
10.0,2.0,3.0,1.0,0.0,182,1.0,1,0,16,0,1024,2.0,30.0,16.0,1,0,1,1,1,0,0,1,0,6.0,97.0,2560.0,1600.0,0,0,2.0,20.0,13.0,199990.0
15.0,2.0,3.0,2.0,0.0,142,1.0,1,0,16,0,512,1.0,24.0,14.0,1,0,1,1,1,0,0,0,0,3.0,56.6,1920.0,1200.0,0,0,2.0,20.0,13.0,85889.0
10.0,2.0,3.0,1.0,2.0,157,1.0,1,0,8,0,512,1.0,12.0,10.0,1,1,1,1,1,0,0,0,0,3.0,41.0,1920.0,1080.0,0,0,2.0,19.0,12.0,55350.0
7.0,2.0,2.0,1.0,0.0,229,1.0,1,0,32,0,2048,2.0,24.0,14.0,1,0,1,1,1,1,0,1,0,6.0,90.0,3200.0,1800.0,0,0,2.0,21.0,13.0,453490.0
16.0,2.0,3.0,3.0,0.0,178,1.0,1,0,64,0,2048,2.0,36.0,24.0,1,1,1,1,1,1,1,1,0,3.0,90.0,2560.0,1600.0,0,0,2.0,21.0,13.0,339990.0
7.0,2.0,3.0,1.0,2.0,157,1.0,0,0,16,0,512,0.0,16.0,8.0,1,1,1,1,1,0,0,0,0,4.0,54.0,1920.0,1080.0,0,0,0.0,5.0,5.0,67990.0
7.0,2.0,2.0,1.0,0.0,229,1.0,1,0,32,0,1024,2.0,36.0,24.0,1,0,1,1,1,1,0,1,0,6.0,86.0,3200.0,1800.0,0,0,2.0,21.0,13.0,323290.0
7.0,2.0,2.0,1.0,0.0,216,1.0,1,0,16,0,1024,2.0,32.0,8.0,1,1,1,1,1,1,0,1,1,6.0,86.0,1920.0,1200.0,0,0,0.0,5.0,7.0,199990.0
16.0,2.0,3.0,1.0,1.0,141,1.0,1,0,16,0,512,1.0,8.0,4.0,1,0,1,1,1,0,0,0,0,3.0,49.61666666666666,1920.0,1080.0,2,0,2.0,19.0,11.0,39990.0
16.0,2.0,3.0,2.0,2.0,170,0.0,1,0,16,0,512,2.0,12.0,12.0,1,0,1,1,1,0,1,0,0,4.0,72.0,1920.0,1200.0,0,0,2.0,19.0,12.0,84990.0
16.0,2.0,3.0,1.0,1.0,157,1.0,0,0,16,0,512,1.0,10.0,6.0,1,0,1,1,1,0,0,0,0,3.0,53.8,1920.0,1080.0,2,0,2.0,18.0,12.0,36990.0
16.0,2.0,3.0,1.0,1.0,157,1.0,0,0,8,0,512,1.0,10.0,6.0,1,0,1,1,1,0,0,0,0,3.0,53.8,1920.0,1080.0,2,0,2.0,18.0,12.0,34990.0
9.0,2.0,2.0,2.0,0.0,141,1.0,1,0,16,0,1024,2.0,24.0,14.0,0,0,1,1,1,1,0,0,0,6.0,99.0,3840.0,2400.0,0,3,2.0,20.0,12.0,189999.0
7.0,2.0,2.0,1.0,0.0,204,1.0,1,0,64,0,1024,2.0,36.0,24.0,1,0,1,1,1,1,0,1,0,6.0,97.0,3200.0,1800.0,0,0,2.0,21.0,13.0,446390.0
15.0,2.0,3.0,3.0,2.0,170,1.0,0,1,16,0,512,0.0,16.0,6.0,1,0,1,1,1,0,1,0,0,4.0,59.0,1920.0,1200.0,0,0,0.0,4.0,7.0,73990.0
15.0,2.0,3.0,1.0,2.0,162,1.0,1,1,16,0,512,0.0,8.0,8.0,1,1,1,1,1,0,1,0,0,3.0,52.5,1920.0,1200.0,0,0,0.0,5.0,5.0,66500.0
4.0,2.0,2.0,1.0,0.0,189,0.0,1,0,16,0,1024,2.0,24.0,14.0,1,0,1,1,1,1,0,1,0,4.0,90.0,2560.0,1600.0,0,0,2.0,20.0,12.0,144990.0
10.0,2.0,3.0,1.0,1.0,141,1.0,1,0,16,0,512,1.0,10.0,6.0,1,1,1,0,1,0,0,0,0,3.0,49.61666666666666,1920.0,1080.0,0,0,2.0,18.0,12.0,43990.0
4.0,2.0,3.0,1.0,0.0,142,0.0,1,0,16,0,512,2.0,12.0,8.0,1,1,1,1,1,0,1,0,0,3.0,50.0,1920.0,1200.0,0,0,2.0,19.0,12.0,70990.0
15.0,2.0,3.0,1.0,2.0,162,1.0,0,1,16,0,512,0.0,16.0,6.0,1,1,1,1,1,0,1,0,0,3.0,52.5,1920.0,1200.0,0,0,0.0,4.0,7.0,64990.0
4.0,2.0,2.0,1.0,1.0,141,1.0,1,0,16,0,512,2.0,16.0,6.0,1,0,1,1,1,0,1,0,0,3.0,50.0,1920.0,1080.0,2,0,0.0,4.0,5.0,72990.0
2.0,2.0,1.0,1.0,0.0,142,0.0,1,0,8,0,512,2.0,16.0,8.0,1,0,1,1,1,1,0,1,0,4.0,90.0,1920.0,1200.0,1,0,0.0,5.0,7.0,114990.0
7.0,2.0,2.0,1.0,0.0,216,1.0,1,0,32,0,2048,2.0,64.0,12.0,1,1,1,1,1,1,0,1,1,6.0,86.0,1920.0,1200.0,0,0,0.0,9.0,7.0,302990.0
2.0,2.0,1.0,1.0,0.0,142,0.0,1,0,16,0,512,2.0,16.0,8.0,1,0,1,1,1,1,0,1,0,4.0,90.0,1920.0,1200.0,1,0,0.0,5.0,7.0,129990.0
2.0,2.0,3.0,1.0,1.0,141,1.0,1,0,16,0,512,2.0,12.0,10.0,1,0,1,1,1,1,0,1,0,3.0,50.0,1920.0,1080.0,0,0,2.0,19.0,13.0,57990.0
14.0,2.0,3.0,1.0,2.0,162,0.0,1,0,16,0,512,1.0,12.0,12.0,1,0,1,1,1,1,1,0,0,4.0,72.0,1200.0,1920.0,0,0,2.0,19.0,13.0,98999.0
7.0,2.0,3.0,1.0,2.0,157,1.0,1,0,8,0,512,1.0,6.0,4.0,1,0,1,0,1,0,0,1,0,3.0,42.0,1920.0,1080.0,0,0,2.0,19.0,10.0,69990.0
8.0,2.0,0.0,2.0,2.0,162,0.0,1,0,16,0,512,1.0,12.0,10.0,1,0,1,1,1,0,1,1,0,4.0,64.0,1920.0,1200.0,0,0,2.0,19.0,13.0,79990.0
8.0,2.0,0.0,2.0,2.0,162,0.0,1,0,16,0,512,1.0,18.0,12.0,1,0,1,1,1,0,1,1,0,4.0,64.0,1920.0,1200.0,0,0,2.0,20.0,13.0,79990.0
10.0,2.0,1.0,1.0,0.0,142,1.0,1,0,16,0,1024,2.0,12.0,10.0,1,0,1,1,1,0,1,0,0,3.0,51.0,1920.0,1200.0,0,0,2.0,19.0,12.0,126800.0
4.0,2.0,2.0,1.0,1.0,141,1.0,1,0,16,0,512,2.0,16.0,8.0,1,0,1,1,1,0,1,0,0,3.0,50.0,1920.0,1080.0,2,0,0.0,5.0,5.0,81900.0
10.0,2.0,1.0,1.0,2.0,142,1.0,1,0,16,0,512,2.0,12.0,10.0,1,0,1,1,1,0,1,0,0,3.0,51.0,1920.0,1200.0,0,0,2.0,20.0,12.0,131684.0
10.0,2.0,1.0,1.0,2.0,162,1.0,1,0,16,0,1024,1.0,12.0,10.0,1,0,1,1,1,0,1,0,0,3.0,51.0,1920.0,1200.0,0,0,2.0,20.0,12.0,125900.0
10.0,2.0,3.0,1.0,1.0,112,1.0,0,0,8,0,512,1.0,4.0,4.0,1,1,1,0,1,0,0,0,0,3.0,41.0,1366.0,768.0,0,0,2.0,17.0,3.0,32990.0
10.0,2.0,1.0,1.0,0.0,142,1.0,1,0,16,0,1024,1.0,12.0,10.0,1,0,1,1,1,0,1,0,0,3.0,51.0,1920.0,1200.0,0,0,2.0,20.0,12.0,127790.0
10.0,2.0,1.0,1.0,0.0,142,1.0,1,0,16,0,1024,1.0,12.0,10.0,1,0,1,1,1,0,1,0,0,3.0,51.0,1920.0,1200.0,0,0,2.0,19.0,12.0,113612.0
10.0,2.0,1.0,1.0,2.0,162,1.0,1,0,16,0,512,1.0,12.0,12.0,1,0,1,1,1,0,1,0,0,3.0,51.0,1920.0,1200.0,0,0,2.0,19.0,12.0,108625.0
10.0,2.0,0.0,1.0,0.0,283,1.0,1,0,32,0,1024,2.0,24.0,14.0,0,0,1,1,1,1,1,0,0,6.0,86.0,1920.0,1080.0,0,0,2.0,21.0,12.0,272709.0
10.0,2.0,0.0,1.0,0.0,283,1.0,1,0,32,0,1024,2.0,24.0,14.0,0,0,1,1,1,1,1,0,0,6.0,86.0,3840.0,2400.0,0,0,2.0,21.0,12.0,233498.0
10.0,2.0,0.0,1.0,0.0,283,1.0,1,0,32,0,1024,2.0,24.0,14.0,0,0,1,1,1,1,1,0,0,6.0,86.0,3840.0,2400.0,0,0,2.0,21.0,12.0,390914.0
10.0,2.0,0.0,1.0,0.0,283,1.0,1,0,16,0,1024,2.0,24.0,14.0,0,0,1,1,1,1,1,0,0,6.0,86.0,1920.0,1200.0,0,0,2.0,20.0,12.0,230593.0
14.0,2.0,3.0,1.0,0.0,189,0.0,1,0,16,0,1024,1.0,18.0,12.0,1,0,1,1,1,1,1,0,0,4.0,80.0,1600.0,2560.0,0,0,2.0,20.0,13.0,128699.0
10.0,2.0,0.0,1.0,0.0,283,1.0,1,0,16,0,1024,2.0,24.0,14.0,0,0,1,1,1,1,1,0,0,6.0,86.0,3840.0,2400.0,0,0,2.0,20.0,12.0,278712.0
15.0,2.0,1.0,1.0,2.0,135,1.0,1,0,4,0,256,1.0,4.0,2.0,1,1,1,0,1,0,0,0,0,2.0,39.840625,1366.0,768.0,0,0,2.0,14.0,3.0,25490.0
4.0,2.0,2.0,1.0,2.0,216,0.0,1,0,16,0,512,2.0,16.0,8.0,1,0,1,1,1,1,1,0,0,4.0,70.58211920529801,2560.0,1600.0,0,0,0.0,5.0,6.0,119990.0
10.0,2.0,0.0,1.0,0.0,283,1.0,1,0,16,0,1024,2.0,24.0,14.0,0,0,1,1,1,1,1,0,0,6.0,86.0,1920.0,1200.0,0,0,2.0,20.0,12.0,239761.0
14.0,2.0,3.0,1.0,0.0,189,0.0,0,1,16,0,1024,1.0,18.0,12.0,0,0,1,1,1,1,1,0,0,6.0,80.0,1600.0,2560.0,0,0,2.0,20.0,13.0,152499.0
14.0,2.0,3.0,1.0,0.0,142,0.0,1,1,16,0,512,0.0,16.0,6.0,1,0,1,1,1,0,1,0,0,3.0,72.0,1920.0,1200.0,0,0,0.0,4.0,7.0,78299.0
10.0,1.0,3.0,1.0,1.0,100,1.0,1,0,8,0,256,1.0,12.0,6.0,0,0,1,0,1,0,0,0,0,2.0,47.0,1366.0,768.0,0,0,2.0,13.0,3.0,50990.0
15.0,2.0,0.0,1.0,1.0,134,1.0,1,0,16,0,512,1.0,12.0,10.0,1,1,1,0,1,0,0,0,0,3.0,45.0,1920.0,1080.0,1,0,2.0,19.0,12.0,56490.0
2.0,2.0,2.0,1.0,1.0,141,1.0,1,0,16,0,512,2.0,12.0,8.0,1,0,1,1,1,0,0,1,0,4.0,57.5,1920.0,1080.0,0,0,2.0,19.0,12.0,69990.0
4.0,2.0,3.0,1.0,1.0,141,1.0,1,0,16,0,512,1.0,12.0,10.0,1,0,1,1,1,0,1,0,0,3.0,42.0,1920.0,1080.0,1,0,2.0,19.0,13.0,63990.0
4.0,2.0,2.0,1.0,0.0,283,0.0,1,0,16,0,512,2.0,24.0,10.0,1,1,1,1,1,0,1,0,0,3.0,50.0,1920.0,1200.0,0,0,2.0,20.0,12.0,114990.0
10.0,1.0,1.0,1.0,1.0,100,1.0,0,0,8,0,512,0.0,4.0,2.0,1,1,1,0,1,0,0,1,0,3.0,41.0,1366.0,768.0,0,0,0.0,1.0,3.0,27490.0
7.0,2.0,1.0,1.0,2.0,141,0.0,1,0,8,0,1024,1.0,12.0,10.0,1,1,1,1,1,0,1,0,0,4.0,54.0,1920.0,1200.0,0,0,2.0,19.0,13.0,60210.0
10.0,2.0,2.0,1.0,0.0,182,1.0,1,0,16,0,512,2.0,12.0,8.0,1,0,1,1,1,0,0,1,0,6.0,84.42653061224489,2560.0,1440.0,0,0,2.0,19.0,13.0,102990.0
10.0,2.0,2.0,1.0,0.0,182,1.0,1,0,16,0,512,2.0,12.0,8.0,1,0,1,1,1,0,0,1,0,6.0,83.0,2560.0,1440.0,0,0,2.0,19.0,13.0,109999.0
13.0,2.0,3.0,1.0,1.0,141,1.0,0,0,32,0,1024,1.0,24.0,14.0,1,0,1,1,1,0,1,0,0,3.0,70.0,1920.0,1080.0,2,0,2.0,20.0,13.0,71990.0
13.0,2.0,3.0,1.0,1.0,141,1.0,1,0,4,0,128,1.0,4.0,4.0,1,0,1,1,1,0,0,0,0,2.0,40.0,1920.0,1080.0,0,0,2.0,16.0,11.0,19990.0
15.0,2.0,1.0,2.0,2.0,157,1.0,1,0,8,0,512,1.0,12.0,10.0,1,0,1,1,1,0,1,0,0,3.0,45.0,1920.0,1080.0,1,0,2.0,19.0,12.0,56990.0
15.0,2.0,3.0,1.0,2.0,135,1.0,1,0,8,0,256,1.0,4.0,2.0,1,1,1,0,1,0,0,0,0,2.0,39.840625,1366.0,768.0,0,0,2.0,14.0,4.0,23990.0
16.0,2.0,3.0,2.0,1.0,141,1.0,1,0,16,0,512,2.0,24.0,8.0,1,0,1,1,1,1,0,1,0,3.0,49.61666666666666,1920.0,1080.0,0,0,2.0,20.0,11.0,57990.0
15.0,2.0,0.0,1.0,2.0,157,1.0,1,0,16,0,512,2.0,12.0,4.0,1,0,1,1,1,1,0,1,0,3.0,49.61666666666666,1920.0,1080.0,0,0,2.0,20.0,11.0,130800.0
16.0,2.0,2.0,2.0,1.0,141,1.0,1,0,16,0,512,2.0,12.0,8.0,1,0,1,1,1,0,0,1,0,3.0,49.61666666666666,1920.0,1080.0,1,0,2.0,19.0,12.0,75990.0
15.0,2.0,1.0,1.0,2.0,157,1.0,1,0,8,0,512,0.0,8.0,4.0,1,0,1,1,1,0,1,1,0,3.0,45.0,1920.0,1200.0,0,0,0.0,1.0,7.0,44990.0
4.0,2.0,2.0,1.0,0.0,283,0.0,1,0,16,0,512,2.0,12.0,8.0,1,1,1,1,1,0,1,0,0,3.0,63.0,1920.0,1200.0,0,0,2.0,19.0,12.0,94990.0
4.0,2.0,3.0,1.0,1.0,141,1.0,1,0,16,0,512,1.0,12.0,10.0,1,0,1,1,1,0,1,0,0,3.0,50.0,1920.0,1080.0,1,0,2.0,19.0,13.0,73990.0
4.0,2.0,3.0,1.0,1.0,141,1.0,1,0,16,0,512,1.0,12.0,10.0,1,0,1,1,1,0,1,0,0,3.0,42.0,1920.0,1080.0,1,0,2.0,19.0,13.0,63990.0
15.0,2.0,2.0,1.0,1.0,141,1.0,1,0,16,0,512,2.0,8.0,4.0,1,0,1,1,1,0,0,1,0,3.0,49.61666666666666,1920.0,1080.0,0,0,2.0,19.0,11.0,57990.0
15.0,2.0,1.0,1.0,2.0,157,1.0,1,0,8,0,512,0.0,16.0,6.0,1,0,1,1,1,0,1,1,0,3.0,45.0,1920.0,1200.0,0,0,0.0,4.0,7.0,54990.0
10.0,2.0,3.0,1.0,1.0,141,1.0,0,1,16,0,512,0.0,16.0,8.0,1,1,1,1,1,0,0,0,0,4.0,55.0,1920.0,1080.0,0,0,0.0,5.0,7.0,87680.0
10.0,2.0,3.0,1.0,1.0,141,1.0,0,1,16,0,512,0.0,16.0,6.0,1,1,1,1,1,0,0,0,0,4.0,55.0,1920.0,1080.0,0,0,0.0,4.0,7.0,79490.0
10.0,2.0,3.0,1.0,1.0,141,1.0,0,1,16,0,512,1.0,12.0,10.0,1,1,1,1,1,0,0,0,0,4.0,55.0,1920.0,1080.0,0,0,2.0,19.0,13.0,96990.0
10.0,2.0,3.0,1.0,1.0,141,1.0,0,1,16,0,512,1.0,12.0,10.0,1,1,1,1,1,0,0,0,0,4.0,55.0,1920.0,1080.0,0,0,2.0,19.0,13.0,88680.0
10.0,2.0,3.0,1.0,1.0,141,1.0,0,1,16,0,512,0.0,16.0,6.0,1,1,1,1,1,0,0,0,0,4.0,55.0,1920.0,1080.0,0,0,0.0,4.0,7.0,87490.0
15.0,2.0,3.0,1.0,1.0,157,1.0,1,0,8,0,512,1.0,6.0,2.0,1,1,1,1,1,0,1,0,0,3.0,47.0,1920.0,1080.0,0,0,2.0,18.0,11.0,44927.0
4.0,2.0,3.0,1.0,2.0,243,0.0,1,0,16,0,512,2.0,12.0,8.0,1,0,1,1,1,0,1,0,0,3.0,63.0,2880.0,1800.0,1,0,2.0,19.0,12.0,69990.0
10.0,2.0,3.0,1.0,2.0,243,1.0,1,0,16,0,512,1.0,24.0,14.0,1,0,1,1,1,0,1,0,0,3.0,51.0,2880.0,1800.0,0,0,2.0,20.0,12.0,107767.0
7.0,2.0,1.0,1.0,1.0,141,1.0,1,0,8,1024,256,1.0,6.0,2.0,1,1,1,0,1,0,0,1,0,3.0,41.0,1920.0,1080.0,1,0,2.0,18.0,11.0,38390.0
10.0,2.0,3.0,1.0,2.0,141,1.0,1,0,8,0,512,0.0,4.0,4.0,1,0,1,0,1,0,0,0,0,3.0,41.0,1920.0,1080.0,0,0,0.0,1.0,7.0,39990.0
7.0,2.0,1.0,1.0,2.0,162,0.0,1,1,8,0,1024,1.0,12.0,6.0,1,1,1,1,1,1,1,0,0,4.0,54.0,1920.0,1200.0,0,0,2.0,18.0,13.0,58299.0
10.0,2.0,3.0,1.0,2.0,157,1.0,1,0,16,0,512,0.0,4.0,4.0,1,0,1,1,1,0,1,0,0,3.0,49.61666666666666,1920.0,1080.0,0,0,0.0,4.0,7.0,52990.0
15.0,2.0,1.0,1.0,2.0,157,1.0,1,0,16,0,512,0.0,16.0,6.0,1,0,1,1,1,0,1,1,0,3.0,45.0,1920.0,1080.0,0,0,0.0,4.0,7.0,59990.0
15.0,2.0,2.0,1.0,1.0,141,1.0,1,0,16,0,512,2.0,16.0,6.0,1,0,1,1,1,0,0,1,0,3.0,49.61666666666666,1920.0,1080.0,0,0,0.0,4.0,5.0,59990.0
15.0,2.0,1.0,1.0,1.0,141,1.0,1,0,8,0,512,1.0,12.0,10.0,1,1,1,1,1,1,1,1,0,3.0,45.0,1920.0,1080.0,0,0,2.0,19.0,12.0,53990.0
10.0,2.0,0.0,1.0,2.0,189,1.0,1,0,16,0,512,1.0,12.0,12.0,1,0,1,1,1,0,0,0,0,3.0,51.0,2240.0,1400.0,0,0,2.0,19.0,13.0,80490.0
15.0,2.0,2.0,1.0,1.0,141,1.0,1,0,16,0,512,2.0,16.0,6.0,1,0,1,1,1,0,0,1,0,3.0,45.0,1920.0,1080.0,0,0,0.0,4.0,5.0,59500.0
15.0,2.0,2.0,1.0,1.0,141,1.0,1,0,8,0,512,2.0,16.0,6.0,1,0,1,1,1,0,0,1,0,3.0,49.61666666666666,1920.0,1080.0,0,0,0.0,4.0,5.0,60990.0
16.0,2.0,3.0,2.0,1.0,141,1.0,1,0,16,0,1024,2.0,24.0,10.0,1,0,1,1,1,0,0,1,0,3.0,53.5,2560.0,1440.0,0,0,2.0,20.0,13.0,171990.0
15.0,2.0,2.0,1.0,1.0,141,1.0,1,0,16,0,512,2.0,16.0,6.0,1,0,1,1,1,0,0,1,0,3.0,49.61666666666666,1920.0,1080.0,0,0,0.0,4.0,7.0,66990.0
10.0,2.0,0.0,1.0,1.0,141,1.0,1,0,16,1024,512,2.0,16.0,6.0,1,1,1,1,1,1,0,1,0,3.0,52.5,1920.0,1080.0,0,0,0.0,4.0,6.0,115592.0
10.0,2.0,0.0,1.0,1.0,141,1.0,1,0,32,0,1024,2.0,16.0,6.0,1,1,1,1,1,1,0,1,0,3.0,52.5,1920.0,1080.0,0,0,0.0,4.0,6.0,137456.0
15.0,2.0,3.0,1.0,2.0,157,0.0,0,1,8,0,512,1.0,10.0,6.0,1,1,1,1,1,1,1,0,0,3.0,52.5,1920.0,1080.0,0,0,2.0,18.0,12.0,52990.0
10.0,2.0,3.0,1.0,1.0,141,1.0,1,0,16,0,512,0.0,8.0,8.0,1,1,1,0,1,0,0,0,0,3.0,41.0,1920.0,1080.0,0,0,0.0,5.0,5.0,52990.0
10.0,2.0,3.0,1.0,2.0,157,1.0,1,0,8,0,512,1.0,12.0,6.0,1,0,1,0,1,0,0,0,0,3.0,41.0,1920.0,1080.0,0,0,2.0,18.0,13.0,47990.0
13.0,2.0,3.0,1.0,1.0,141,1.0,0,0,16,0,512,1.0,18.0,12.0,1,0,1,1,1,0,1,0,0,3.0,70.0,1920.0,1080.0,2,0,2.0,19.0,13.0,50990.0
10.0,2.0,3.0,1.0,2.0,141,1.0,1,0,8,0,512,0.0,4.0,4.0,1,0,1,0,1,0,0,0,0,3.0,41.0,1920.0,1080.0,0,0,0.0,4.0,7.0,49490.0
10.0,2.0,3.0,1.0,2.0,141,1.0,1,0,16,0,512,0.0,4.0,4.0,1,0,1,0,1,0,0,0,0,3.0,41.0,1920.0,1080.0,0,0,0.0,4.0,7.0,52990.0
10.0,2.0,0.0,1.0,1.0,141,1.0,1,1,16,0,1024,1.0,12.0,10.0,1,1,1,1,1,1,0,0,0,4.0,55.0,1920.0,1080.0,0,0,2.0,20.0,13.0,115990.0
10.0,2.0,0.0,1.0,1.0,141,1.0,1,1,16,0,512,1.0,12.0,10.0,1,1,1,1,1,1,0,0,0,4.0,55.0,1920.0,1080.0,0,0,2.0,20.0,13.0,109990.0
2.0,2.0,1.0,1.0,2.0,112,1.0,0,0,8,0,256,0.0,4.0,4.0,1,0,1,0,1,0,0,1,0,3.0,49.61666666666666,1366.0,768.0,0,0,0.0,4.0,3.0,29990.0
4.0,2.0,2.0,1.0,2.0,216,0.0,1,0,16,0,1024,2.0,16.0,8.0,1,0,1,1,1,1,1,0,0,4.0,76.0,2560.0,1600.0,0,0,0.0,9.0,7.0,174990.0
4.0,2.0,2.0,1.0,1.0,141,1.0,1,0,8,0,1024,2.0,12.0,6.0,1,0,1,1,1,1,0,1,0,4.0,48.0,1920.0,1080.0,0,0,2.0,19.0,11.0,62990.0
7.0,2.0,1.0,1.0,2.0,141,1.0,1,0,16,0,512,1.0,12.0,10.0,1,1,1,1,1,0,1,0,0,4.0,54.0,1920.0,1080.0,0,0,2.0,20.0,13.0,84980.0
15.0,1.0,3.0,1.0,1.0,141,1.0,1,0,8,0,512,0.0,16.0,8.0,1,1,1,1,1,1,1,1,0,3.0,45.0,1920.0,1080.0,0,0,0.0,5.0,7.0,51990.0
15.0,2.0,2.0,1.0,1.0,141,1.0,1,0,8,0,512,2.0,16.0,6.0,1,0,1,1,1,0,0,1,0,3.0,45.0,1920.0,1080.0,0,0,0.0,4.0,5.0,63990.0
10.0,2.0,0.0,1.0,1.0,141,1.0,1,0,32,0,1024,2.0,16.0,8.0,1,1,1,1,1,1,0,0,0,2.0,52.5,1920.0,1080.0,0,0,0.0,5.0,6.0,139990.0
15.0,2.0,1.0,1.0,1.0,141,1.0,1,0,8,0,512,1.0,6.0,2.0,1,1,1,0,1,0,0,0,0,3.0,49.61666666666666,1920.0,1080.0,1,0,2.0,18.0,11.0,36990.0
7.0,2.0,1.0,1.0,2.0,162,1.0,0,1,8,0,512,1.0,12.0,10.0,1,1,1,1,1,0,1,0,0,4.0,54.0,1920.0,1200.0,0,0,2.0,20.0,12.0,92490.0
15.0,2.0,2.0,1.0,1.0,141,1.0,1,0,16,0,512,2.0,12.0,8.0,1,0,1,1,1,0,0,1,0,3.0,60.0,1920.0,1080.0,0,0,2.0,19.0,12.0,69990.0
15.0,2.0,2.0,1.0,1.0,141,1.0,1,0,16,0,512,2.0,8.0,4.0,1,0,1,1,1,0,0,1,0,3.0,49.61666666666666,1920.0,1080.0,0,0,2.0,19.0,11.0,63990.0
10.0,2.0,3.0,1.0,2.0,141,1.0,1,0,8,0,512,0.0,4.0,4.0,1,0,1,0,1,0,0,0,0,3.0,41.0,1920.0,1080.0,0,0,0.0,4.0,7.0,47990.0
4.0,2.0,2.0,1.0,0.0,283,0.0,1,0,16,0,512,2.0,24.0,10.0,1,1,1,1,1,0,1,0,0,3.0,63.0,1920.0,1200.0,0,0,2.0,20.0,12.0,99990.0
16.0,2.0,2.0,2.0,1.0,141,1.0,1,0,16,0,512,2.0,24.0,10.0,1,0,1,1,1,0,0,1,0,3.0,53.5,1920.0,1080.0,0,0,2.0,20.0,12.0,111990.0
16.0,2.0,2.0,2.0,1.0,141,1.0,0,0,16,0,512,2.0,12.0,8.0,1,0,1,1,1,0,0,1,0,3.0,53.5,1920.0,1080.0,0,0,2.0,19.0,12.0,92990.0
10.0,2.0,1.0,1.0,1.0,112,1.0,1,0,16,0,512,1.0,12.0,10.0,1,0,1,1,1,0,0,1,0,3.0,41.0,1920.0,1080.0,0,0,2.0,19.0,12.0,67990.0
15.0,1.0,0.0,1.0,2.0,157,1.0,1,0,8,0,512,1.0,10.0,6.0,1,0,1,0,1,0,1,1,0,3.0,45.0,1920.0,1080.0,1,0,2.0,18.0,12.0,46700.0
7.0,2.0,1.0,1.0,0.0,138,0.0,1,0,8,0,512,1.0,10.0,6.0,1,1,1,0,1,0,0,1,0,3.0,49.61666666666666,1920.0,1080.0,0,0,2.0,18.0,12.0,48990.0
10.0,1.0,1.0,1.0,1.0,100,1.0,1,0,4,0,256,0.0,4.0,2.0,1,1,1,0,1,0,0,1,0,3.0,41.0,1366.0,768.0,0,0,0.0,3.0,3.0,20890.0
15.0,2.0,0.0,1.0,2.0,157,1.0,1,0,8,0,512,1.0,10.0,6.0,1,0,1,0,1,0,1,1,0,3.0,45.0,1920.0,1080.0,1,0,2.0,18.0,12.0,61000.0
7.0,2.0,1.0,1.0,1.0,141,1.0,1,0,8,0,512,0.0,8.0,6.0,1,1,1,1,1,0,0,1,0,3.0,41.0,1920.0,1080.0,0,0,0.0,4.0,5.0,45499.0
7.0,2.0,1.0,1.0,0.0,142,0.0,1,0,8,0,512,0.0,16.0,6.0,1,1,1,1,1,1,1,0,0,4.0,54.0,1920.0,1200.0,0,0,0.0,4.0,7.0,62290.0
2.0,2.0,1.0,1.0,1.0,141,1.0,0,0,8,0,512,0.0,4.0,4.0,1,0,1,0,1,0,0,0,0,3.0,49.61666666666666,1920.0,1080.0,0,0,0.0,1.0,7.0,30990.0
2.0,2.0,3.0,1.0,1.0,141,1.0,1,0,8,0,256,1.0,6.0,8.0,1,0,1,0,1,0,0,0,0,3.0,40.0,1920.0,1080.0,0,0,2.0,13.0,3.0,30990.0
15.0,2.0,1.0,1.0,1.0,157,1.0,1,0,8,0,512,0.0,4.0,4.0,1,1,1,0,1,0,0,0,0,3.0,49.61666666666666,1920.0,1080.0,0,0,0.0,1.0,7.0,33990.0
10.0,2.0,3.0,1.0,2.0,157,1.0,1,0,8,0,512,1.0,8.0,4.0,1,0,1,1,1,0,0,0,0,3.0,43.0,1920.0,1080.0,0,0,2.0,19.0,11.0,58990.0
19.0,2.0,2.0,1.0,2.0,216,1.0,1,0,32,0,1024,2.0,16.0,8.0,1,0,1,1,1,1,0,0,0,6.0,68.1,2560.0,1600.0,0,0,0.0,9.0,7.0,199990.0
16.0,2.0,1.0,2.0,1.0,140,1.0,0,0,16,0,512,2.0,16.0,6.0,1,0,1,1,1,0,0,1,0,3.0,53.5,1920.0,1080.0,0,1,0.0,4.0,7.0,62990.0
16.0,2.0,1.0,2.0,1.0,140,1.0,0,0,16,0,512,2.0,16.0,6.0,1,0,1,1,1,0,0,1,0,3.0,53.5,1920.0,1080.0,0,1,0.0,4.0,7.0,74990.0
16.0,2.0,1.0,2.0,1.0,140,1.0,0,0,16,0,512,2.0,16.0,8.0,1,0,1,1,1,0,0,1,0,3.0,53.5,1920.0,1080.0,0,1,0.0,5.0,7.0,93490.0
16.0,2.0,1.0,2.0,1.0,140,1.0,0,0,8,0,512,2.0,16.0,6.0,1,0,1,1,1,0,0,1,0,3.0,53.5,1920.0,1080.0,0,1,0.0,4.0,7.0,59990.0
16.0,2.0,3.0,1.0,0.0,141,1.0,1,0,16,0,1024,1.0,16.0,8.0,1,0,1,1,1,0,0,1,0,3.0,53.5,1920.0,1080.0,1,0,0.0,5.0,7.0,109990.0
16.0,2.0,3.0,1.0,1.0,141,1.0,1,0,16,0,1024,1.0,16.0,8.0,1,0,1,1,1,0,0,1,0,3.0,53.5,1920.0,1080.0,1,0,0.0,5.0,7.0,109990.0
16.0,2.0,3.0,2.0,1.0,141,1.0,1,0,8,0,512,2.0,12.0,6.0,1,0,1,1,1,0,0,1,0,3.0,49.61666666666666,1920.0,1080.0,0,0,2.0,19.0,12.0,49990.0
16.0,2.0,3.0,2.0,1.0,141,1.0,1,0,16,0,512,2.0,24.0,8.0,1,0,1,1,1,0,0,1,0,3.0,49.61666666666666,1920.0,1080.0,0,0,2.0,20.0,11.0,61990.0
4.0,2.0,3.0,1.0,1.0,141,1.0,1,0,8,0,512,1.0,12.0,10.0,1,0,1,1,1,0,0,0,0,3.0,49.61666666666666,1920.0,1080.0,1,0,2.0,19.0,12.0,50749.0
16.0,2.0,3.0,1.0,1.0,141,1.0,1,0,16,0,1024,1.0,16.0,8.0,1,0,1,1,1,0,0,1,0,3.0,53.5,1920.0,1080.0,1,0,0.0,5.0,7.0,100990.0
16.0,2.0,3.0,1.0,0.0,141,1.0,1,0,16,0,1024,1.0,16.0,8.0,1,0,1,1,1,0,0,1,0,3.0,53.5,1920.0,1080.0,1,0,0.0,5.0,7.0,100990.0
16.0,2.0,3.0,1.0,1.0,141,1.0,1,0,16,0,512,1.0,16.0,6.0,1,0,1,1,1,0,0,1,0,3.0,53.5,1920.0,1080.0,1,0,0.0,4.0,7.0,84990.0
10.0,2.0,1.0,1.0,2.0,112,1.0,1,0,16,0,512,1.0,12.0,10.0,1,0,1,1,1,0,0,1,0,3.0,41.0,1366.0,768.0,0,0,2.0,19.0,12.0,65990.0
7.0,2.0,1.0,1.0,0.0,138,0.0,1,0,16,0,512,2.0,12.0,12.0,1,1,1,1,1,0,1,1,0,4.0,54.0,1920.0,1080.0,0,0,2.0,19.0,12.0,80990.0
10.0,2.0,3.0,1.0,1.0,141,1.0,1,0,16,0,512,1.0,12.0,12.0,1,0,1,1,0,0,0,0,0,3.0,49.61666666666666,1920.0,1080.0,0,0,2.0,19.0,13.0,72999.0
15.0,2.0,0.0,1.0,2.0,157,1.0,1,0,16,0,512,1.0,18.0,12.0,1,0,1,1,1,1,0,1,0,3.0,52.5,1920.0,1200.0,0,0,2.0,20.0,12.0,110990.0
16.0,2.0,3.0,1.0,2.0,157,1.0,0,0,8,0,512,1.0,12.0,10.0,1,0,1,1,1,0,0,0,0,3.0,49.61666666666666,1920.0,1080.0,2,0,2.0,20.0,12.0,60990.0
16.0,2.0,3.0,1.0,2.0,157,1.0,0,0,16,0,512,1.0,12.0,10.0,1,0,1,1,1,0,0,0,0,3.0,49.61666666666666,1920.0,1080.0,2,0,2.0,20.0,12.0,53990.0
16.0,2.0,3.0,2.0,2.0,170,0.0,1,0,8,0,512,1.0,12.0,12.0,1,0,1,1,1,0,1,0,0,4.0,75.0,1920.0,1200.0,0,0,2.0,19.0,12.0,82990.0
16.0,2.0,3.0,2.0,1.0,141,1.0,1,0,16,0,512,2.0,12.0,6.0,1,0,1,1,1,1,0,1,0,3.0,52.4,1920.0,1080.0,0,0,2.0,19.0,11.0,68490.0
16.0,2.0,3.0,2.0,1.0,141,1.0,1,0,8,0,512,2.0,12.0,6.0,1,0,1,1,1,1,0,1,0,3.0,52.4,1920.0,1080.0,0,0,2.0,19.0,11.0,52990.0
7.0,2.0,1.0,1.0,0.0,266,0.0,1,1,32,0,1024,2.0,24.0,14.0,0,1,1,1,1,1,1,0,0,6.0,97.0,3840.0,2400.0,0,4,2.0,20.0,13.0,303490.0
7.0,2.0,0.0,1.0,2.0,164,1.0,1,1,32,0,1024,1.0,18.0,12.0,0,0,1,1,1,0,1,0,0,3.0,55.0,3840.0,2400.0,0,2,2.0,20.0,13.0,201990.0
7.0,2.0,1.0,1.0,1.0,290,0.0,1,1,32,0,1024,2.0,24.0,14.0,0,1,1,1,1,1,1,0,0,6.0,86.0,3456.0,2160.0,0,3,2.0,20.0,13.0,279490.0
15.0,2.0,2.0,1.0,0.0,189,1.0,1,0,32,0,1024,2.0,36.0,24.0,1,0,1,1,1,1,0,1,0,4.0,99.9,2560.0,1600.0,0,0,2.0,21.0,13.0,286200.0
15.0,2.0,2.0,1.0,0.0,189,1.0,1,0,16,0,1024,2.0,32.0,8.0,1,0,1,1,1,1,0,1,0,4.0,80.0,2560.0,1600.0,0,0,0.0,5.0,7.0,169175.0
15.0,2.0,2.0,1.0,0.0,141,1.0,1,0,16,0,1024,2.0,18.0,12.0,1,1,1,1,1,1,0,0,0,4.0,99.9,3200.0,2000.0,0,0,2.0,19.0,13.0,157544.0
15.0,2.0,0.0,1.0,2.0,157,1.0,1,0,8,0,512,1.0,12.0,10.0,1,0,1,1,1,0,1,1,0,3.0,45.0,1920.0,1080.0,1,0,2.0,19.0,12.0,75999.0
15.0,2.0,0.0,1.0,2.0,157,1.0,1,0,16,0,512,1.0,12.0,10.0,1,0,1,1,1,0,1,1,0,4.0,45.0,1920.0,1080.0,1,0,2.0,20.0,12.0,133000.0
14.0,2.0,3.0,1.0,0.0,189,0.0,0,1,8,0,256,1.0,12.0,12.0,0,0,1,1,1,1,1,0,0,6.0,80.0,1600.0,2560.0,0,0,2.0,19.0,13.0,205000.0
14.0,2.0,3.0,1.0,0.0,189,0.0,1,0,16,0,1024,1.0,18.0,12.0,1,0,1,1,1,1,1,0,0,4.0,90.0,1600.0,2560.0,0,0,2.0,20.0,13.0,142990.0
14.0,2.0,3.0,1.0,0.0,147,0.0,1,0,16,0,1024,1.0,18.0,12.0,1,0,1,1,1,1,1,0,0,4.0,90.0,1600.0,2560.0,0,0,2.0,20.0,13.0,146990.0
14.0,2.0,3.0,1.0,0.0,142,0.0,1,1,16,0,512,0.0,16.0,8.0,1,0,1,1,1,0,1,0,0,4.0,72.0,1920.0,1200.0,0,0,0.0,5.0,7.0,89799.0
1.0,2.0,3.0,1.0,1.0,141,1.0,1,0,4,0,256,1.0,4.0,2.0,1,0,1,0,1,0,0,0,0,2.0,18.5,1920.0,1080.0,1,0,2.0,14.0,3.0,15990.0
16.0,2.0,3.0,1.0,2.0,157,1.0,1,0,16,0,512,0.0,16.0,8.0,1,0,1,1,1,0,0,0,0,3.0,39.3,1920.0,1080.0,2,0,0.0,5.0,7.0,59990.0
7.0,2.0,1.0,1.0,1.0,141,1.0,0,0,8,0,512,0.0,8.0,6.0,1,1,1,0,1,0,0,0,0,3.0,41.0,1920.0,1080.0,1,0,0.0,4.0,5.0,40890.0
16.0,2.0,3.0,1.0,2.0,157,1.0,1,0,16,0,512,1.0,10.0,6.0,1,0,1,1,1,0,0,0,0,3.0,49.61666666666666,1920.0,1080.0,2,0,2.0,18.0,12.0,37990.0
4.0,2.0,3.0,1.0,2.0,162,0.0,1,0,16,0,512,2.0,12.0,8.0,1,0,1,1,1,0,1,0,0,3.0,50.0,1920.0,1200.0,0,0,2.0,19.0,12.0,63990.0
15.0,1.0,3.0,1.0,1.0,141,1.0,1,0,8,0,512,0.0,8.0,6.0,1,0,1,0,1,0,0,1,0,2.0,39.840625,1920.0,1080.0,1,0,0.0,4.0,5.0,35990.0
15.0,2.0,3.0,1.0,1.0,141,1.0,1,0,8,0,512,0.0,8.0,6.0,1,1,1,0,1,0,1,1,0,3.0,45.0,1920.0,1080.0,2,0,0.0,4.0,5.0,41490.0
4.0,2.0,3.0,1.0,1.0,141,1.0,1,0,8,0,512,2.0,16.0,6.0,1,0,1,1,1,1,0,0,0,3.0,50.0,1920.0,1080.0,2,0,0.0,4.0,5.0,53990.0
4.0,2.0,3.0,1.0,1.0,141,1.0,1,0,16,0,512,2.0,16.0,8.0,1,0,1,1,1,1,0,0,0,3.0,50.0,1920.0,1080.0,2,0,0.0,5.0,5.0,64990.0
10.0,2.0,2.0,1.0,0.0,137,1.0,1,0,8,0,512,2.0,12.0,6.0,1,1,1,1,1,0,0,1,0,4.0,70.0,1920.0,1080.0,0,0,2.0,19.0,11.0,59990.0
2.0,2.0,3.0,1.0,1.0,141,1.0,0,0,16,0,512,2.0,12.0,8.0,1,0,1,1,1,0,0,1,0,3.0,49.61666666666666,1920.0,1080.0,0,0,2.0,19.0,12.0,51990.0
4.0,2.0,1.0,1.0,2.0,157,1.0,1,0,8,0,512,1.0,6.0,2.0,1,0,1,0,1,0,1,0,0,2.0,37.0,1920.0,1080.0,2,0,2.0,18.0,11.0,37990.0
15.0,1.0,3.0,1.0,1.0,147,1.0,1,0,8,0,512,0.0,4.0,4.0,1,1,1,0,1,0,0,1,0,2.0,39.840625,1920.0,1080.0,0,0,0.0,1.0,7.0,31499.0
4.0,2.0,3.0,1.0,1.0,141,1.0,1,0,8,0,512,1.0,6.0,2.0,1,0,1,1,1,0,0,0,0,2.0,37.0,1920.0,1080.0,2,0,2.0,18.0,11.0,35990.0
4.0,2.0,3.0,1.0,1.0,212,1.0,1,0,16,0,1024,1.0,18.0,12.0,1,0,1,1,1,1,1,0,0,4.0,70.58211920529801,2880.0,1620.0,1,0,2.0,19.0,13.0,94990.0
7.0,2.0,2.0,1.0,2.0,216,1.0,1,0,16,0,1024,2.0,24.0,10.0,1,0,1,1,1,1,0,0,0,6.0,80.5,2560.0,1600.0,0,0,2.0,20.0,13.0,208990.0
15.0,2.0,1.0,1.0,1.0,141,1.0,1,0,8,0,512,1.0,10.0,6.0,1,0,1,0,1,0,0,1,0,2.0,38.0,1920.0,1080.0,1,0,2.0,18.0,12.0,36990.0
15.0,2.0,3.0,3.0,2.0,157,1.0,1,0,16,0,512,1.0,8.0,4.0,1,0,1,1,1,1,0,1,0,3.0,45.0,1920.0,1080.0,1,0,2.0,19.0,11.0,74000.0
15.0,2.0,3.0,1.0,1.0,147,1.0,1,0,8,0,512,0.0,4.0,4.0,1,1,1,0,1,0,0,1,0,2.0,38.0,1920.0,1080.0,1,0,0.0,1.0,7.0,31990.0
15.0,2.0,1.0,1.0,1.0,141,1.0,1,0,8,0,512,1.0,12.0,10.0,1,0,1,0,1,0,0,1,0,2.0,38.0,1920.0,1080.0,1,0,2.0,19.0,12.0,51999.0
15.0,2.0,1.0,1.0,2.0,157,1.0,1,0,8,0,512,1.0,12.0,10.0,1,0,1,0,1,0,0,1,0,2.0,38.0,1920.0,1080.0,1,0,2.0,19.0,12.0,49990.0
15.0,2.0,1.0,1.0,2.0,157,1.0,1,0,8,0,512,1.0,10.0,6.0,1,0,1,0,1,0,0,1,0,2.0,38.0,1920.0,1080.0,1,0,2.0,18.0,12.0,36490.0
2.0,2.0,3.0,1.0,1.0,141,1.0,0,0,8,0,512,2.0,12.0,8.0,1,0,1,1,0,0,1,1,0,3.0,49.61666666666666,1920.0,1080.0,0,0,2.0,19.0,12.0,57990.0
15.0,2.0,3.0,1.0,1.0,141,1.0,1,0,8,0,256,1.0,6.0,2.0,1,1,1,1,1,0,0,0,0,2.0,45.0,1920.0,1080.0,1,0,2.0,18.0,11.0,35990.0
15.0,2.0,3.0,1.0,1.0,157,1.0,1,0,16,0,512,1.0,12.0,4.0,1,1,1,1,1,0,1,0,0,3.0,45.0,1920.0,1080.0,1,0,2.0,20.0,11.0,61601.0
7.0,2.0,1.0,1.0,1.0,141,1.0,0,0,8,0,512,1.0,12.0,10.0,1,0,1,1,1,0,0,0,0,3.0,41.0,1920.0,1080.0,1,0,2.0,19.0,13.0,67990.0
15.0,2.0,3.0,1.0,1.0,141,1.0,1,0,16,0,512,0.0,8.0,8.0,1,1,1,0,1,0,0,1,0,3.0,45.0,1920.0,1080.0,2,0,0.0,5.0,5.0,59990.0
2.0,2.0,3.0,1.0,1.0,141,1.0,1,0,8,0,512,1.0,8.0,4.0,1,1,1,0,1,0,0,1,0,3.0,36.0,1920.0,1080.0,1,0,2.0,19.0,11.0,44990.0
9.0,2.0,3.0,2.0,2.0,243,0.0,1,0,16,0,1024,2.0,24.0,14.0,1,0,1,1,1,1,0,0,0,6.0,63.0,2880.0,1800.0,0,0,2.0,20.0,13.0,164990.0
7.0,2.0,1.0,1.0,1.0,141,1.0,0,0,32,0,1024,2.0,24.0,14.0,1,0,1,1,1,1,0,0,0,6.0,87.0,1920.0,1080.0,0,1,2.0,21.0,12.0,304990.0
7.0,2.0,1.0,1.0,1.0,141,1.0,1,0,8,0,512,1.0,6.0,2.0,1,1,1,0,1,0,0,0,0,4.0,70.58211920529801,1920.0,1080.0,1,0,2.0,18.0,11.0,36490.0
10.0,2.0,3.0,1.0,1.0,141,1.0,1,0,8,0,1024,1.0,10.0,6.0,1,1,1,0,1,0,0,0,0,3.0,49.61666666666666,1920.0,1080.0,0,0,2.0,18.0,12.0,44090.0
15.0,2.0,1.0,1.0,1.0,141,1.0,1,0,8,0,512,0.0,4.0,4.0,1,1,1,1,1,0,1,0,0,3.0,47.0,1920.0,1080.0,0,0,0.0,4.0,7.0,41990.0
14.0,2.0,3.0,1.0,0.0,189,0.0,1,0,16,0,512,1.0,18.0,12.0,1,0,1,1,1,1,1,0,0,4.0,80.0,1600.0,2560.0,0,0,2.0,20.0,13.0,124199.0
15.0,2.0,2.0,1.0,1.0,141,1.0,1,0,16,0,512,2.0,8.0,4.0,1,0,1,1,1,0,0,1,0,3.0,49.61666666666666,1920.0,1080.0,0,0,2.0,19.0,11.0,59990.0
15.0,2.0,3.0,1.0,2.0,157,1.0,1,1,16,0,512,1.0,12.0,10.0,1,1,1,1,1,1,1,0,0,4.0,52.5,1920.0,1200.0,0,0,2.0,20.0,12.0,82990.0
15.0,2.0,0.0,1.0,1.0,157,1.0,1,0,8,0,512,1.0,12.0,10.0,1,1,1,1,1,1,1,1,0,3.0,45.0,1920.0,1080.0,1,0,2.0,19.0,12.0,65990.0
13.0,2.0,3.0,1.0,1.0,141,1.0,0,0,16,0,512,1.0,24.0,14.0,1,0,1,1,1,0,1,0,0,3.0,70.0,1920.0,1080.0,2,0,2.0,20.0,13.0,66990.0
16.0,2.0,3.0,2.0,1.0,141,1.0,1,0,16,0,512,2.0,12.0,6.0,1,0,1,1,1,1,0,1,0,3.0,52.4,1920.0,1080.0,0,0,2.0,19.0,11.0,53990.0
10.0,2.0,1.0,1.0,1.0,100,1.0,1,0,8,0,512,0.0,10.0,6.0,1,1,1,0,1,0,0,1,0,3.0,41.0,1366.0,768.0,0,0,2.0,18.0,12.0,56600.0
14.0,2.0,3.0,1.0,2.0,162,0.0,1,1,8,0,512,1.0,12.0,12.0,1,0,1,1,1,1,1,0,0,4.0,72.0,1200.0,1920.0,0,0,2.0,19.0,13.0,127000.0
7.0,2.0,3.0,1.0,2.0,157,1.0,1,0,8,0,512,1.0,8.0,4.0,1,1,1,0,1,0,0,0,0,4.0,70.58211920529801,1920.0,1080.0,0,0,2.0,19.0,11.0,80990.0
15.0,2.0,1.0,1.0,2.0,141,1.0,1,0,8,0,512,1.0,12.0,10.0,1,1,1,1,1,1,1,0,0,3.0,45.0,1920.0,1080.0,1,0,2.0,19.0,12.0,52990.0
15.0,2.0,3.0,1.0,1.0,141,1.0,1,0,16,0,512,2.0,8.0,4.0,1,1,1,1,1,0,0,0,0,3.0,49.61666666666666,1920.0,1080.0,0,0,2.0,20.0,3.0,73889.0
10.0,2.0,2.0,1.0,0.0,137,1.0,1,0,8,0,512,2.0,12.0,6.0,1,1,1,1,1,0,0,1,0,4.0,70.0,1920.0,1080.0,0,0,2.0,19.0,11.0,67999.0
7.0,2.0,2.0,1.0,0.0,141,1.0,1,0,32,0,1024,2.0,24.0,14.0,1,0,1,1,1,0,0,1,0,6.0,84.42653061224489,2560.0,1600.0,0,0,2.0,20.0,13.0,173990.0
7.0,2.0,2.0,1.0,0.0,141,1.0,1,0,16,0,1024,2.0,24.0,14.0,1,0,1,1,1,0,0,1,0,6.0,84.42653061224489,2560.0,1600.0,0,0,2.0,20.0,13.0,163790.0
10.0,2.0,1.0,1.0,2.0,112,1.0,1,0,8,0,512,1.0,4.0,4.0,1,1,1,0,1,0,0,1,0,3.0,49.61666666666666,1366.0,768.0,0,0,2.0,17.0,3.0,29490.0
15.0,2.0,3.0,2.0,1.0,141,1.0,1,0,8,0,512,1.0,6.0,2.0,1,1,1,0,1,0,0,0,0,3.0,45.0,1920.0,1080.0,1,0,2.0,18.0,11.0,38889.0
2.0,2.0,3.0,1.0,1.0,141,1.0,1,0,8,0,512,1.0,10.0,6.0,1,0,1,0,1,0,0,1,0,3.0,45.0,1920.0,1080.0,1,0,2.0,18.0,12.0,34990.0
7.0,2.0,1.0,1.0,2.0,162,0.0,1,1,8,0,512,1.0,12.0,10.0,1,1,1,1,1,1,1,0,0,3.0,54.0,1920.0,1200.0,1,0,2.0,19.0,13.0,76490.0
13.0,2.0,1.0,1.0,2.0,157,1.0,0,0,16,0,512,1.0,12.0,4.0,1,0,1,1,1,0,0,0,0,2.0,50.0,1920.0,1080.0,0,0,2.0,20.0,11.0,48990.0
7.0,2.0,1.0,1.0,1.0,141,1.0,1,0,16,0,512,1.0,12.0,10.0,1,1,1,1,1,1,1,0,0,3.0,41.0,1920.0,1080.0,1,0,2.0,19.0,12.0,66499.0
7.0,2.0,1.0,1.0,2.0,141,1.0,1,0,16,0,512,1.0,12.0,10.0,1,1,1,1,1,0,0,0,0,4.0,54.0,1920.0,1080.0,0,0,2.0,19.0,13.0,72450.0
7.0,2.0,1.0,1.0,2.0,141,1.0,1,0,16,0,512,1.0,12.0,10.0,1,1,1,1,1,0,1,0,0,4.0,54.0,1920.0,1080.0,0,0,2.0,20.0,13.0,81989.0
10.0,2.0,3.0,1.0,1.0,141,1.0,1,0,16,0,512,2.0,16.0,8.0,1,1,1,1,1,0,0,1,0,4.0,70.58211920529801,1920.0,1080.0,0,0,0.0,5.0,5.0,76990.0
4.0,2.0,3.0,1.0,1.0,141,1.0,1,0,8,0,256,1.0,4.0,2.0,1,0,1,1,1,0,0,0,0,3.0,42.0,1920.0,1080.0,1,0,2.0,14.0,3.0,26990.0
7.0,2.0,1.0,1.0,1.0,141,1.0,0,0,8,0,512,1.0,12.0,10.0,1,0,1,1,1,0,0,0,0,3.0,41.0,1920.0,1080.0,1,0,2.0,19.0,13.0,63990.0
10.0,1.0,0.0,1.0,2.0,157,1.0,1,0,8,0,512,0.0,16.0,8.0,1,0,1,1,1,0,1,1,0,3.0,45.0,1920.0,1080.0,0,0,0.0,5.0,5.0,47990.0
16.0,2.0,3.0,3.0,0.0,178,1.0,1,0,32,0,1024,2.0,24.0,14.0,1,1,1,1,1,1,1,1,0,3.0,90.0,2560.0,1600.0,0,0,2.0,21.0,13.0,247999.0
7.0,2.0,1.0,1.0,0.0,142,0.0,1,1,8,0,512,1.0,12.0,10.0,1,1,1,1,1,1,1,0,0,6.0,86.0,1920.0,1200.0,0,0,2.0,19.0,13.0,93990.0
7.0,2.0,1.0,1.0,1.0,141,1.0,1,0,8,1024,256,1.0,6.0,2.0,1,1,1,0,1,0,0,1,0,3.0,41.0,1920.0,1080.0,1,0,2.0,18.0,11.0,43750.0
10.0,2.0,3.0,1.0,1.0,141,1.0,1,0,8,0,512,0.0,16.0,6.0,1,1,1,1,1,0,0,1,0,4.0,70.58211920529801,1920.0,1080.0,0,0,0.0,4.0,5.0,54990.0
10.0,2.0,1.0,1.0,1.0,141,1.0,1,0,16,0,512,1.0,12.0,10.0,1,0,1,1,1,0,0,0,0,3.0,41.0,1920.0,1080.0,0,0,2.0,0.0,12.0,68990.0
15.0,1.0,1.0,1.0,2.0,157,1.0,1,0,8,0,512,1.0,10.0,6.0,1,0,1,0,1,0,0,1,0,2.0,38.0,1920.0,1080.0,1,0,2.0,18.0,12.0,35418.0
16.0,2.0,3.0,2.0,1.0,141,1.0,1,0,16,0,1024,2.0,24.0,10.0,1,0,1,1,1,0,0,1,0,3.0,53.5,1920.0,1080.0,1,0,2.0,20.0,12.0,89990.0
16.0,2.0,3.0,2.0,1.0,141,1.0,1,0,16,0,1024,2.0,12.0,8.0,1,0,1,1,1,0,0,1,0,3.0,53.5,1920.0,1080.0,1,0,2.0,19.0,12.0,79990.0
16.0,2.0,3.0,2.0,1.0,141,1.0,1,0,8,0,512,2.0,24.0,10.0,1,0,1,1,1,0,0,1,0,3.0,53.5,1920.0,1080.0,1,0,2.0,20.0,12.0,85990.0
10.0,2.0,3.0,1.0,1.0,112,1.0,0,0,8,0,512,1.0,4.0,2.0,1,1,1,0,1,0,0,0,0,3.0,41.0,1366.0,768.0,0,0,2.0,15.0,3.0,28990.0
2.0,2.0,2.0,1.0,1.0,141,1.0,1,0,8,0,512,2.0,12.0,8.0,1,0,1,1,1,1,0,1,0,3.0,49.61666666666666,1920.0,1080.0,0,0,2.0,19.0,12.0,48990.0
2.0,2.0,1.0,1.0,2.0,112,1.0,0,0,8,0,512,0.0,4.0,4.0,1,0,1,0,1,0,0,1,0,3.0,49.61666666666666,1366.0,768.0,0,0,0.0,4.0,3.0,28990.0
2.0,2.0,1.0,1.0,2.0,112,1.0,0,0,8,0,512,0.0,4.0,2.0,1,0,1,0,1,0,0,1,0,3.0,36.0,1366.0,768.0,0,0,0.0,1.0,3.0,24990.0
2.0,2.0,3.0,1.0,0.0,283,0.0,1,0,16,0,1024,0.0,12.0,8.0,1,0,1,1,1,0,0,0,0,4.0,70.58211920529801,3840.0,2400.0,0,0,0.0,6.0,7.0,107399.0
7.0,2.0,2.0,1.0,1.0,141,1.0,1,0,16,0,512,2.0,24.0,14.0,1,0,1,1,1,0,0,1,0,6.0,84.42653061224489,1920.0,1080.0,0,0,2.0,20.0,13.0,149490.0
7.0,2.0,2.0,1.0,1.0,141,1.0,1,0,16,0,512,2.0,24.0,14.0,1,0,1,1,1,0,0,1,0,3.0,56.0,1920.0,1080.0,0,0,2.0,20.0,13.0,115490.0
7.0,2.0,2.0,1.0,1.0,141,1.0,1,0,16,0,512,2.0,24.0,14.0,1,0,1,1,1,0,0,1,0,4.0,70.58211920529801,1920.0,1080.0,0,0,2.0,20.0,13.0,117990.0
7.0,2.0,2.0,1.0,1.0,141,1.0,1,0,8,0,512,2.0,20.0,10.0,1,0,1,1,1,0,0,1,0,3.0,56.0,1920.0,1080.0,0,0,2.0,19.0,13.0,88480.0
2.0,2.0,3.0,1.0,2.0,157,1.0,1,0,16,0,512,1.0,12.0,10.0,1,0,1,1,1,1,1,0,0,3.0,50.0,1920.0,1080.0,0,0,2.0,19.0,13.0,62990.0
2.0,2.0,3.0,1.0,1.0,141,1.0,0,0,16,0,512,1.0,12.0,10.0,1,0,1,1,0,0,0,0,0,3.0,50.0,1920.0,1080.0,0,0,2.0,19.0,13.0,58990.0
2.0,2.0,3.0,1.0,2.0,157,1.0,1,0,16,0,512,1.0,12.0,6.0,1,0,1,1,1,1,1,0,0,3.0,50.0,1920.0,1080.0,0,0,2.0,18.0,13.0,49990.0
4.0,2.0,2.0,1.0,1.0,141,1.0,1,0,16,0,1024,2.0,16.0,8.0,1,1,1,1,1,1,0,1,0,4.0,90.0,2560.0,1440.0,0,0,0.0,5.0,6.0,110000.0
4.0,2.0,3.0,1.0,1.0,141,1.0,1,0,16,0,512,2.0,24.0,14.0,1,0,1,1,1,1,0,1,0,4.0,90.0,1920.0,1080.0,0,0,2.0,20.0,13.0,129990.0
4.0,2.0,2.0,1.0,2.0,216,0.0,1,0,32,0,1024,2.0,16.0,8.0,1,0,1,1,1,1,1,0,0,4.0,76.0,2560.0,1600.0,0,0,0.0,9.0,7.0,197990.0
2.0,2.0,1.0,1.0,2.0,157,0.0,1,0,8,0,512,2.0,12.0,10.0,1,0,1,1,1,1,1,1,0,3.0,50.0,1920.0,1080.0,0,0,2.0,19.0,13.0,59990.0
2.0,2.0,1.0,1.0,2.0,157,0.0,1,0,16,0,512,2.0,12.0,10.0,1,0,1,1,1,1,1,1,0,3.0,50.0,1920.0,1080.0,0,0,2.0,19.0,13.0,61999.0
4.0,2.0,2.0,1.0,0.0,170,1.0,1,0,16,0,1024,2.0,64.0,16.0,1,0,1,1,1,1,0,1,0,4.0,90.0,2560.0,1440.0,0,0,0.0,9.0,7.0,225960.0
4.0,2.0,3.0,1.0,1.0,141,1.0,1,0,16,0,1024,2.0,24.0,14.0,1,0,1,1,1,1,0,1,0,4.0,90.0,1920.0,1080.0,0,0,2.0,20.0,13.0,133990.0
4.0,2.0,2.0,1.0,2.0,216,0.0,1,0,32,0,1024,2.0,16.0,8.0,1,0,1,1,1,1,1,0,0,4.0,76.0,2560.0,1600.0,0,0,0.0,9.0,7.0,266990.0
4.0,2.0,2.0,1.0,0.0,142,0.0,1,0,16,0,1024,2.0,20.0,10.0,1,0,1,1,1,1,0,1,0,4.0,70.58211920529801,1920.0,1200.0,0,0,2.0,19.0,13.0,143690.0
4.0,2.0,2.0,1.0,0.0,127,1.0,1,0,16,0,1024,2.0,16.0,8.0,1,0,1,1,1,0,0,1,0,4.0,90.0,1920.0,1080.0,0,0,0.0,9.0,7.0,134990.0
0.0,2.0,3.0,1.0,1.0,145,0.0,1,0,16,0,1024,0.0,16.0,8.0,1,0,1,1,1,1,0,1,0,4.0,90.0,1920.0,1200.0,0,0,0.0,9.0,7.0,139990.0
4.0,2.0,2.0,1.0,2.0,225,0.0,0,1,16,0,1024,2.0,16.0,8.0,1,0,0,1,1,1,0,0,0,4.0,75.0,2560.0,1600.0,0,0,0.0,8.0,7.0,175900.0
4.0,2.0,2.0,1.0,2.0,216,0.0,1,0,16,0,1024,2.0,16.0,8.0,1,0,1,1,1,1,1,0,0,4.0,76.0,2560.0,1600.0,0,0,0.0,5.0,7.0,149990.0
4.0,2.0,2.0,1.0,2.0,225,0.0,0,1,16,0,1024,2.0,24.0,14.0,0,0,0,1,1,1,0,0,0,4.0,56.0,2560.0,1600.0,0,0,2.0,21.0,13.0,209990.0
15.0,2.0,1.0,1.0,1.0,141,1.0,1,0,8,0,512,1.0,12.0,10.0,1,1,1,1,1,1,1,0,0,3.0,45.0,1920.0,1080.0,1,0,2.0,19.0,12.0,54990.0
4.0,2.0,3.0,1.0,1.0,141,1.0,1,0,16,0,512,1.0,16.0,6.0,1,0,1,1,1,0,1,0,0,3.0,63.0,1920.0,1080.0,1,0,0.0,4.0,7.0,63890.0
4.0,2.0,2.0,1.0,0.0,189,0.0,1,0,16,0,1024,2.0,24.0,14.0,1,0,1,1,1,1,0,1,0,4.0,90.0,2560.0,1600.0,0,0,2.0,21.0,13.0,179990.0
4.0,2.0,2.0,1.0,0.0,189,1.0,1,0,16,0,1024,2.0,24.0,14.0,1,0,1,1,1,1,0,1,0,4.0,70.58211920529801,2560.0,1600.0,0,0,2.0,21.0,13.0,169990.0
7.0,2.0,2.0,1.0,1.0,141,1.0,1,0,8,0,512,2.0,18.0,12.0,1,0,1,1,1,0,0,1,0,3.0,56.0,1920.0,1080.0,0,0,2.0,19.0,12.0,70490.0
4.0,2.0,3.0,1.0,1.0,141,1.0,1,0,8,0,512,1.0,10.0,6.0,1,0,1,1,1,0,1,0,0,3.0,49.61666666666666,1920.0,1080.0,1,0,2.0,18.0,12.0,40810.0
4.0,2.0,1.0,1.0,1.0,141,1.0,1,0,16,0,512,2.0,18.0,12.0,1,1,1,1,1,1,1,1,0,3.0,70.0,2880.0,1620.0,0,0,2.0,19.0,13.0,122990.0
7.0,2.0,2.0,1.0,0.0,216,1.0,1,0,16,0,1024,2.0,30.0,16.0,1,1,1,1,1,1,0,1,1,6.0,86.0,2560.0,1600.0,0,0,2.0,20.0,13.0,220490.0
12.0,2.0,0.0,1.0,0.0,189,2.0,1,1,16,0,512,1.0,18.0,12.0,1,0,1,1,1,1,1,0,0,6.0,84.0,2520.0,1680.0,0,0,2.0,19.0,13.0,185990.0
12.0,2.0,1.0,1.0,1.0,264,2.0,1,1,16,0,1024,1.0,18.0,12.0,0,0,1,1,1,1,1,0,0,6.0,60.0,3120.0,2080.0,0,2,2.0,20.0,13.0,184990.0
10.0,2.0,3.0,1.0,1.0,141,1.0,1,0,16,0,512,1.0,12.0,10.0,1,0,1,1,1,0,0,0,0,3.0,41.0,1920.0,1080.0,0,0,2.0,19.0,13.0,66990.0
16.0,2.0,3.0,2.0,1.0,141,1.0,1,0,8,0,512,2.0,12.0,8.0,1,0,1,1,1,0,0,1,0,3.0,53.5,1920.0,1080.0,1,0,2.0,19.0,12.0,72990.0
16.0,2.0,3.0,2.0,1.0,141,1.0,1,0,16,1024,256,2.0,12.0,8.0,1,0,1,1,1,0,0,1,0,3.0,49.61666666666666,1920.0,1080.0,0,0,2.0,19.0,12.0,77990.0
10.0,2.0,3.0,1.0,1.0,141,1.0,1,0,8,0,512,0.0,4.0,2.0,1,1,1,0,1,0,0,1,0,3.0,41.0,1920.0,1080.0,0,0,0.0,1.0,3.0,34990.0
10.0,1.0,1.0,1.0,2.0,112,1.0,1,0,8,0,256,0.0,4.0,2.0,1,1,1,0,1,0,0,1,0,3.0,41.0,1366.0,768.0,0,0,0.0,3.0,3.0,18990.0
4.0,2.0,3.0,1.0,1.0,212,1.0,1,0,16,0,512,1.0,24.0,14.0,1,0,1,1,1,1,1,0,0,4.0,70.58211920529801,2880.0,1620.0,1,0,2.0,20.0,13.0,105990.0
10.0,2.0,3.0,1.0,1.0,141,1.0,1,0,8,0,512,1.0,12.0,10.0,1,0,1,0,1,0,0,0,0,3.0,41.0,1920.0,1080.0,0,0,2.0,19.0,13.0,64999.0
4.0,2.0,3.0,1.0,1.0,141,1.0,1,0,8,0,512,1.0,12.0,10.0,1,0,1,1,1,0,1,0,0,3.0,49.61666666666666,1920.0,1080.0,1,0,2.0,19.0,13.0,59990.0
7.0,2.0,2.0,1.0,1.0,141,1.0,1,0,16,0,1024,2.0,16.0,8.0,1,0,1,1,1,0,0,1,0,6.0,84.42653061224489,1920.0,1080.0,0,0,0.0,9.0,6.0,132199.0
2.0,2.0,1.0,1.0,2.0,157,1.0,1,0,16,0,512,0.0,16.0,6.0,1,0,1,1,1,0,1,0,0,3.0,50.0,1920.0,1080.0,1,0,0.0,4.0,7.0,54990.0
16.0,2.0,3.0,2.0,0.0,194,1.0,1,0,32,0,1024,2.0,24.0,14.0,1,0,1,1,1,0,1,1,0,4.0,99.9,2560.0,1600.0,0,0,2.0,20.0,13.0,234990.0
10.0,2.0,3.0,1.0,1.0,141,1.0,1,0,16,0,512,1.0,18.0,12.0,1,0,1,1,1,0,0,0,0,3.0,41.0,1920.0,1080.0,0,0,2.0,20.0,13.0,77490.0
10.0,2.0,3.0,1.0,1.0,141,1.0,1,0,8,0,512,1.0,12.0,10.0,1,1,1,1,1,0,0,0,0,3.0,41.0,1920.0,1080.0,0,0,2.0,19.0,12.0,54990.0
4.0,2.0,1.0,1.0,1.0,141,1.0,1,0,16,0,512,1.0,6.0,2.0,1,0,1,1,1,0,1,0,0,2.0,39.840625,1920.0,1080.0,2,0,2.0,18.0,11.0,42990.0
15.0,2.0,2.0,1.0,1.0,141,1.0,1,0,8,0,512,2.0,16.0,8.0,1,0,1,1,1,0,0,1,0,3.0,49.61666666666666,1920.0,1080.0,0,0,0.0,5.0,5.0,67990.0
15.0,2.0,2.0,1.0,1.0,141,1.0,1,0,16,0,512,2.0,16.0,8.0,1,0,1,1,1,0,0,1,0,3.0,45.0,1920.0,1080.0,1,0,0.0,5.0,5.0,73990.0
7.0,2.0,2.0,1.0,0.0,204,1.0,1,0,32,0,1024,2.0,24.0,14.0,1,0,1,1,1,1,0,1,0,6.0,97.0,3200.0,1800.0,0,0,2.0,21.0,13.0,367590.0
7.0,2.0,2.0,1.0,0.0,229,1.0,1,0,32,0,1024,2.0,24.0,14.0,1,0,1,1,1,1,0,1,0,6.0,90.0,3200.0,1800.0,0,0,2.0,21.0,13.0,379990.0
15.0,2.0,0.0,3.0,2.0,157,1.0,1,0,16,0,512,2.0,12.0,4.0,1,1,1,1,1,1,0,1,0,3.0,50.0,1920.0,1080.0,0,0,2.0,20.0,11.0,119990.0
10.0,2.0,3.0,1.0,1.0,141,1.0,1,0,8,0,512,1.0,10.0,6.0,1,1,1,0,1,0,0,0,0,3.0,49.61666666666666,1920.0,1080.0,0,0,2.0,18.0,12.0,40990.0
2.0,2.0,1.0,1.0,2.0,135,1.0,0,0,8,0,256,1.0,4.0,2.0,1,0,1,0,1,0,0,0,0,2.0,42.0,1366.0,768.0,0,0,2.0,15.0,3.0,23490.0
10.0,2.0,3.0,1.0,1.0,141,1.0,1,0,8,0,512,1.0,12.0,10.0,1,0,1,0,1,0,0,0,0,3.0,41.0,1920.0,1080.0,0,0,2.0,19.0,13.0,62990.0
10.0,2.0,3.0,1.0,1.0,141,1.0,1,0,8,0,512,1.0,12.0,6.0,1,0,1,0,1,0,0,0,0,3.0,41.0,1920.0,1080.0,0,0,2.0,18.0,13.0,47490.0
10.0,2.0,0.0,1.0,2.0,112,1.0,1,0,8,0,512,1.0,8.0,4.0,1,1,1,1,1,1,1,1,0,3.0,45.0,1366.0,768.0,0,0,2.0,19.0,11.0,76990.0
10.0,2.0,3.0,1.0,1.0,141,1.0,1,0,8,0,1024,1.0,12.0,10.0,1,0,1,0,1,0,0,0,0,3.0,41.0,1920.0,1080.0,0,0,2.0,19.0,13.0,67990.0
10.0,2.0,3.0,1.0,1.0,141,1.0,1,0,8,0,512,1.0,12.0,6.0,1,0,1,0,1,0,0,0,0,3.0,41.0,1920.0,1080.0,0,0,2.0,18.0,13.0,47490.0
16.0,2.0,3.0,2.0,1.0,141,1.0,1,0,16,1024,256,2.0,12.0,8.0,1,0,1,1,1,0,0,1,0,3.0,51.0,1920.0,1080.0,0,0,2.0,19.0,12.0,87990.0
4.0,2.0,1.0,1.0,1.0,100,1.0,1,0,8,0,512,1.0,4.0,2.0,1,0,1,0,1,0,0,0,0,2.0,37.0,1366.0,768.0,2,0,2.0,14.0,3.0,28990.0
2.0,2.0,1.0,1.0,1.0,188,1.0,1,0,16,0,1024,2.0,16.0,6.0,1,0,1,1,1,0,0,1,0,4.0,57.0,2560.0,1440.0,0,0,0.0,4.0,6.0,88990.0
2.0,2.0,3.0,1.0,1.0,141,1.0,0,0,8,0,512,2.0,8.0,4.0,1,0,1,0,1,0,0,1,0,3.0,48.0,1920.0,1080.0,0,0,2.0,19.0,11.0,44990.0
4.0,2.0,1.0,1.0,2.0,157,1.0,1,0,8,0,512,1.0,6.0,2.0,1,0,1,0,1,0,0,0,0,2.0,37.0,1920.0,1080.0,2,0,2.0,18.0,11.0,36990.0
4.0,2.0,3.0,1.0,1.0,141,1.0,1,0,16,0,512,0.0,4.0,4.0,1,0,1,1,1,0,0,0,0,3.0,50.0,1920.0,1080.0,1,0,0.0,4.0,7.0,49990.0
4.0,2.0,3.0,1.0,2.0,243,0.0,0,1,16,0,512,1.0,18.0,12.0,1,0,1,1,1,1,0,0,0,3.0,75.0,2880.0,1800.0,0,0,2.0,20.0,13.0,124990.0
4.0,2.0,3.0,1.0,0.0,142,0.0,1,0,16,0,512,1.0,12.0,10.0,1,0,1,1,1,0,0,0,0,3.0,42.0,1920.0,1200.0,1,0,2.0,19.0,13.0,62990.0
4.0,2.0,3.0,1.0,2.0,243,0.0,1,0,16,0,512,1.0,18.0,12.0,1,0,1,1,1,0,1,0,0,4.0,75.0,2880.0,1800.0,0,0,2.0,20.0,13.0,115990.0
4.0,2.0,3.0,1.0,2.0,243,0.0,1,1,16,0,512,1.0,12.0,12.0,1,0,1,1,1,0,1,0,0,4.0,75.0,2880.0,1800.0,0,0,2.0,19.0,13.0,94990.0
4.0,2.0,3.0,1.0,2.0,162,0.0,1,1,16,0,512,1.0,12.0,10.0,1,0,1,1,1,0,0,0,0,3.0,50.0,1920.0,1200.0,1,0,2.0,19.0,13.0,77990.0
10.0,2.0,0.0,1.0,2.0,157,1.0,1,0,16,0,512,1.0,12.0,10.0,1,0,1,1,1,1,0,1,0,3.0,51.0,1920.0,1080.0,0,0,2.0,19.0,12.0,89999.0
10.0,2.0,2.0,1.0,0.0,182,1.0,1,0,16,0,1024,2.0,16.0,8.0,1,1,1,1,1,0,0,1,0,6.0,83.0,2560.0,1440.0,0,0,0.0,5.0,6.0,125990.0
16.0,2.0,3.0,2.0,1.0,141,1.0,0,0,16,0,512,2.0,12.0,6.0,1,0,1,1,1,0,0,1,0,3.0,49.61666666666666,1920.0,1080.0,0,0,2.0,19.0,11.0,54990.0
4.0,2.0,3.0,1.0,1.0,141,1.0,1,0,8,0,512,1.0,12.0,10.0,1,0,1,1,1,0,0,0,0,3.0,49.61666666666666,1920.0,1080.0,1,0,2.0,19.0,13.0,58990.0
16.0,2.0,3.0,2.0,1.0,141,1.0,1,0,16,0,512,2.0,12.0,8.0,1,0,1,1,1,0,0,0,0,3.0,49.61666666666666,1920.0,1080.0,0,0,2.0,19.0,12.0,60990.0
16.0,2.0,3.0,2.0,0.0,189,1.0,1,0,32,0,2048,2.0,36.0,24.0,1,1,1,1,1,1,0,1,0,4.0,99.0,2560.0,1600.0,0,0,2.0,21.0,13.0,314490.0
16.0,2.0,3.0,2.0,1.0,141,1.0,1,0,16,1024,256,2.0,12.0,6.0,1,0,1,1,1,0,0,1,0,3.0,49.61666666666666,1920.0,1080.0,0,0,2.0,19.0,11.0,56990.0
4.0,2.0,3.0,1.0,2.0,157,1.0,1,0,8,0,512,1.0,6.0,8.0,1,0,1,0,1,0,0,0,0,3.0,42.0,1920.0,1080.0,1,0,2.0,13.0,3.0,36990.0
16.0,2.0,3.0,2.0,1.0,141,1.0,1,0,8,0,512,2.0,12.0,8.0,1,0,1,1,1,0,0,0,0,3.0,49.61666666666666,1920.0,1080.0,0,0,2.0,19.0,12.0,59990.0
16.0,2.0,3.0,2.0,1.0,141,1.0,1,0,16,0,512,2.0,12.0,8.0,1,0,1,1,1,0,0,1,0,3.0,53.5,1920.0,1080.0,1,0,2.0,19.0,12.0,72990.0
2.0,2.0,2.0,1.0,0.0,141,0.0,1,0,32,0,1024,2.0,30.0,16.0,1,0,1,1,1,1,0,1,0,4.0,90.0,2560.0,1600.0,1,0,2.0,20.0,13.0,194990.0
15.0,2.0,0.0,3.0,2.0,157,1.0,1,0,16,0,512,2.0,18.0,12.0,1,0,1,1,1,1,0,1,0,4.0,52.5,1920.0,1080.0,0,0,2.0,20.0,12.0,133990.0
16.0,2.0,3.0,2.0,1.0,141,1.0,1,0,16,0,512,2.0,24.0,10.0,1,0,1,1,1,0,0,1,0,3.0,53.5,1920.0,1080.0,1,0,2.0,20.0,12.0,88990.0
15.0,2.0,1.0,1.0,1.0,141,1.0,1,0,32,0,1024,2.0,24.0,14.0,1,1,1,0,1,0,1,1,0,6.0,84.42653061224489,1920.0,1080.0,0,0,2.0,20.0,12.0,160990.0
16.0,2.0,2.0,2.0,1.0,141,1.0,1,0,8,0,512,2.0,12.0,8.0,1,0,1,1,1,0,0,1,0,3.0,53.5,1920.0,1080.0,1,0,2.0,19.0,12.0,71990.0
16.0,2.0,3.0,2.0,1.0,141,1.0,1,0,8,1024,256,2.0,12.0,6.0,1,0,1,1,1,0,0,1,0,3.0,49.61666666666666,1920.0,1080.0,0,0,2.0,19.0,11.0,55990.0
4.0,2.0,3.0,1.0,1.0,141,1.0,1,0,16,0,1024,1.0,12.0,12.0,1,0,1,1,1,0,1,0,0,3.0,50.0,1920.0,1080.0,1,0,2.0,19.0,13.0,77390.0
16.0,2.0,3.0,2.0,0.0,189,1.0,1,0,32,0,2048,2.0,30.0,16.0,1,1,1,1,1,1,0,1,0,4.0,99.0,2560.0,1600.0,0,0,2.0,20.0,13.0,272900.0
4.0,2.0,3.0,1.0,1.0,141,1.0,1,0,16,0,512,1.0,12.0,10.0,1,0,1,1,1,0,1,0,0,3.0,50.0,1920.0,1080.0,1,0,2.0,19.0,13.0,62390.0
21.0,2.0,0.0,1.0,1.0,157,1.0,1,0,16,0,512,1.0,12.0,10.0,1,0,1,1,1,0,1,0,0,3.0,54.0,1920.0,1080.0,0,0,2.0,19.0,13.0,79990.0
16.0,2.0,3.0,2.0,1.0,141,1.0,0,0,16,0,1024,2.0,24.0,14.0,1,0,1,1,1,0,0,0,0,4.0,90.0,1920.0,1080.0,1,0,2.0,20.0,13.0,130990.0
4.0,2.0,3.0,1.0,2.0,243,0.0,0,1,16,0,1024,1.0,18.0,12.0,1,0,1,1,1,1,0,0,0,3.0,75.0,2880.0,1800.0,0,0,2.0,20.0,13.0,134990.0
4.0,2.0,3.0,1.0,2.0,243,0.0,0,1,16,0,512,1.0,12.0,12.0,1,0,1,1,1,1,0,0,0,3.0,75.0,2880.0,1800.0,0,0,2.0,19.0,13.0,104990.0
4.0,2.0,3.0,1.0,1.0,141,1.0,1,0,16,0,512,1.0,12.0,12.0,1,0,1,1,1,0,1,0,0,3.0,50.0,1920.0,1080.0,1,0,2.0,19.0,13.0,70680.0
4.0,2.0,3.0,1.0,1.0,141,1.0,1,0,8,0,512,1.0,6.0,8.0,1,0,1,1,1,0,0,0,0,2.0,50.0,1920.0,1080.0,1,0,0.0,13.0,7.0,45250.0
4.0,2.0,3.0,1.0,2.0,255,0.0,1,0,16,0,1024,1.0,12.0,10.0,1,0,1,1,1,1,0,0,0,4.0,63.0,2880.0,1800.0,0,0,2.0,20.0,13.0,119900.0
4.0,2.0,3.0,1.0,0.0,142,0.0,1,0,8,0,512,1.0,12.0,6.0,1,0,1,1,1,0,0,0,0,3.0,49.61666666666666,1920.0,1200.0,1,0,2.0,18.0,13.0,47990.0
4.0,2.0,3.0,1.0,1.0,141,1.0,1,0,16,0,512,1.0,18.0,12.0,1,0,1,1,1,0,1,0,0,3.0,70.0,1920.0,1080.0,1,0,2.0,19.0,13.0,82990.0
4.0,2.0,3.0,1.0,2.0,157,1.0,1,0,16,0,512,1.0,12.0,10.0,1,0,1,0,1,0,1,0,0,3.0,49.61666666666666,1920.0,1080.0,1,0,2.0,19.0,13.0,63990.0
7.0,2.0,1.0,1.0,1.0,141,1.0,1,0,8,0,512,0.0,16.0,6.0,1,1,1,1,1,0,0,1,0,3.0,41.0,1920.0,1080.0,1,0,0.0,4.0,5.0,45999.0
4.0,2.0,3.0,1.0,2.0,157,1.0,1,0,8,0,512,1.0,12.0,10.0,1,0,1,1,1,0,1,0,0,3.0,49.61666666666666,1920.0,1080.0,1,0,2.0,19.0,13.0,59990.0
4.0,2.0,3.0,1.0,1.0,141,1.0,1,0,16,0,512,1.0,18.0,12.0,1,0,1,1,1,0,1,0,0,3.0,50.0,1920.0,1080.0,1,0,2.0,19.0,13.0,74990.0
4.0,2.0,3.0,1.0,2.0,157,1.0,1,0,8,0,512,1.0,12.0,6.0,1,0,1,1,1,0,1,0,0,3.0,49.61666666666666,1920.0,1080.0,1,0,2.0,18.0,13.0,45990.0
4.0,2.0,3.0,1.0,2.0,255,0.0,1,0,32,0,1024,1.0,12.0,10.0,1,0,1,1,1,1,0,0,0,4.0,63.0,2880.0,1800.0,0,0,2.0,20.0,13.0,144990.0
4.0,2.0,3.0,1.0,2.0,243,0.0,1,0,16,0,512,1.0,12.0,12.0,1,0,1,1,1,0,1,0,0,4.0,75.0,2880.0,1800.0,0,0,2.0,19.0,13.0,92990.0
4.0,2.0,3.0,1.0,2.0,243,0.0,1,0,16,0,512,1.0,18.0,12.0,1,0,1,1,1,0,1,0,0,4.0,75.0,2880.0,1800.0,0,0,2.0,20.0,13.0,112990.0
4.0,2.0,3.0,1.0,2.0,255,0.0,1,0,16,0,512,1.0,12.0,10.0,1,0,1,1,1,1,0,0,0,4.0,63.0,2880.0,1800.0,0,0,2.0,19.0,13.0,99990.0
4.0,2.0,3.0,1.0,2.0,162,0.0,0,1,8,0,512,0.0,16.0,6.0,1,0,1,1,1,0,1,0,0,3.0,49.61666666666666,1920.0,1200.0,1,0,0.0,4.0,5.0,58990.0
